:020000040800F2
:1000000000500020E1240008012300080923000813
:100010001123000819230008212300080000000014
:10002000000000000000000000000000292300087C
:100030003523000800000000412300084D2300087C
:100040002925000829250008292500082925000858
:100050002925000829250008292500082925000848
:100060002925000829250008292500082925000838
:100070002925000829250008292500082925000828
:100080002925000829250008292500082925000818
:1000900059230008292500082925000829250008DA
:1000A000292500086D2300082925000829250008B6
:1000B00029250008292500082925000829250008E8
:1000C00029250008292500082925000829250008D8
:1000D0002925000881230008292500082925000872
:1000E000292500082925000829250008000000000E
:1000F0000000000000000000000000000000000000
:0C01000000000000000000005FF808F1A3
:10010C0010B5054C237833B9044B13B10448AFF345
:10011C0000800123237010BDF401002000000000BA
:10012C0040BD000808B5034B1BB103490348AFF3AE
:10013C00008008BD00000000F801002040BD000850
:10014C00034613F8012B002AFBD1181A013870470B
:10015C0080B582B000AF78603960124B00221A7003
:10016C00114B00221A704022796810480AF0A9FF3E
:10017C000E4B002283F83F20202239680C480AF0ED
:10018C00A0FF0B4B0022DA770A4B32221A60054B88
:10019C000D221A70084B00221A7000BF0837BD469A
:1001AC0080BD00BF180200201C0200203402002079
:1001BC0074020020200200205004002080B582B080
:1001CC0000AF78600B467B8013463B801D4B5B6811
:1001DC00002B02D14FF0FF332FE03B88002B02D1D4
:1001EC0047F230533B80184B184A1A600F2279683B
:1001FC0017480AF066FF164B0022DA737B880A2236
:10020C00144918460AF0FAFD3B880A22124918468E
:10021C000AF0F4FD114B1B78002B01D101230CE0EB
:10022C000F4B1B7803F00203DBB2002B01D1002330
:10023C0003E00C4B09221A70062318460837BD46FA
:10024C0080BD00BF54040020040000205544500021
:10025C0094020020A4020020BC02002034020020E2
:10026C001C0200201802002080B400AF0A4B5B680F
:10027C00002B02D14FF0FF3309E0084B1B7803F041
:10028C000203DBB2002B01D0032300E0002318464D
:10029C00BD4680BC704700BF540400201C020020E7
:1002AC0080B400AF0A4B5B68002B02D14FF0FF33D8
:1002BC0009E0084B1B7803F04003DBB2002B01D0A4
:1002CC00072300E005231846BD4680BC704700BFDD
:1002DC00540400201C02002080B483B000AF0346FD
:1002EC00FB710B4B1B885A1C91B2094A11801946A1
:1002FC00084AFB795354064B1B88802B02D1044BC4
:10030C0000221A8000BF0C37BD4680BC704700BF6E
:10031C0048040020C802002080B588B000AFF86007
:10032C00084611461A4603467B810B463B81134611
:10033C00FB80464B5B68002B02D14FF0FF3381E012
:10034C00434B1B7803F04003DBB2002B01D1052398
:10035C0078E03F4B1B7803F00803DBB2002B68D12D
:10036C0000237B773B8907F110010A2218460AF01B
:10037C0045FD07F110031846FFF7E2FE03467B77B5
:10038C007B7F042B02D87B7F002B01D10B2359E000
:10039C00304800F0E5FF07F11003184600F0E0FFCD
:1003AC002D4800F0DDFF0023FB8320E07B895A1CE5
:1003BC007A811A46FB681A44284B1B88591C88B250
:1003CC002649088019461278254B5A54234B1B8812
:1003DC00B3F5807F02D1214B00221A807A89FB88E9
:1003EC009A4201D100237B81FB8B0133FB83FA8B77
:1003FC003B899A42DAD3164A137843F004031370FC
:10040C00134A137843F008031370164B1B68002B28
:10041C000DD0144B1B6814489847124B1B6807F1FE
:10042C001002104698470F4B1B6810489847092339
:10043C0008E00C4B1B68002B03D00A4B1B680C48C4
:10044C009847082318462037BD4680BD5404002029
:10045C001C0200204CC1000864BD00084E040020A2
:10046C00480300203002002068BD00087CBD000855
:10047C0080BD000880B582B000AF78600C2279682E
:10048C0010480AF0A4FE104B00221A700F4B0022E9
:10049C001A700F4B00221A800E4B00221A800E4B42
:1004AC0000221A800D4B00221A800D4B00221A706C
:1004BC000C4B00221A600C4B00221A6000BF08374C
:1004CC00BD4680BD5404002018020020C20200204A
:1004DC004C0400204E0400204A0400204804002054
:1004EC001C0200202C0200203002002080B400AF3F
:1004FC00124B1B68002B04D0104B1B68013B0F4A9E
:10050C0013600F4B1B68002B0BD00D4B1B68013B72
:10051C000B4A13600A4B1B68002B02D1094B0022BB
:10052C001A70094B1B68002B04D0074B1B68013B4E
:10053C00054A136000BFBD4680BC704720020020F6
:10054C0024020020C20200202802002080B500AF47
:10055C00084B1A88084B1B889A4201D000F01EF8F1
:10056C00064B1B68002B01D100F074FC00F07CFEE4
:10057C0000BF80BD4A040020480400202002002057
:10058C0080B483B000AF7860034A7B68136000BF0F
:10059C000C37BD4680BC70473002002080B582B05D
:1005AC0000AF804B1B780D2B07D07E4B1B780E2B8E
:1005BC0003D07C4B1B780F2B05D17B4B1A887B4BC4
:1005CC001A8000F036BC784B1B88FB80784B0222DB
:1005DC001A6000F028BC754B1B881A46754B9B5C47
:1005EC007B71754B1B780C2B00F2FE8301A252F829
:1005FC0023F000BF3506000825070008070900088E
:10060C00F50D0008F50D0008110C0008570C00083A
:10061C006D0C0008990C0008F50D0008390D000848
:10062C00610D0008B70D0008644B00221A70644B72
:10063C0004221A703EE0614B1B781A46614B53F84A
:10064C0022305F4A127813441B787A799A422BD164
:10065C005A4B1B781A465B4B53F822301B78303BB5
:10066C009AB2594B1A80584B1B881A469200134465
:10067C005B009AB2544B1A80504B1B781A46514B64
:10068C0053F8223001331B781A464F4B1B88134406
:10069C009BB2303B9AB24C4B1A804B4B1B88013BA4
:1006AC009AB2494B1A800DE0444B1B780133DAB2F5
:1006BC00424B1A70414B1B781A46424B53F822306E
:1006CC00002BB8D13D4B1B781A463E4B53F82230C9
:1006DC00002B09D0384B01221A70394B1B7801338F
:1006EC00DAB2374B1A7086E3314B00221A60374B63
:1006FC001B7803F00103DBB2002B00F07C837B79C9
:10070C003E2B40F07883314A137823F001031370A9
:10071C002F4B00221A606EE3284B1B781A46294B8C
:10072C0053F82230264A127813441B787A799A426D
:10073C0033D1254B1B88013B9AB2234B1A80224B99
:10074C001B88002B03D07B790D2B40F0CF801B4BEB
:10075C001B781A461B4B53F8223002331B78303B64
:10076C00DAB2154B1A70144B1B781A4692001344CC
:10077C005B00DAB2104B1A70104B1B781A46114BF7
:10078C0053F8223003331A780B4B1B781344DBB22B
:10079C00303BDAB2084B1A7038E3084B00221A705F
:1007AC0088E000BF18020020480400204A04002002
:1007BC0024020020C8020020C20200206004002095
:1007CC006104002070C20008C40200201C0200203A
:1007DC0028020020984B1B781A46984B53F822306D
:1007EC001B78303B9AB2964B1A80954B1B881A4655
:1007FC00920013445B009AB2914B1A808E4B1B787B
:10080C001A468E4B53F8223001331B781A468C4B08
:10081C001B8813449BB2303B9AB2894B1A80884B8D
:10082C001B88884A12789B1A9BB203339AB2844B6A
:10083C001A80834B1B887F2B36D87F4B1B781A462C
:10084C007E4B53F822307F4A127813441B787A7906
:10085C009A4229D17A4B1B88002B34D1764B1B78CA
:10086C001A46764B53F8223002331B78303BDAB2FF
:10087C00754B1A70744B1B781A46920013445B002C
:10088C00DAB2714B1A706C4B1B781A466B4B53F8DF
:10089C00223003331A786C4B1B781344DBB2303B99
:1008AC00DAB2694B1A700EE0634B1B780133DAB283
:1008BC00614B1A70604B1B781A46604B53F8223010
:1008CC00002B87D100E000BF5B4B1B781A465B4BBB
:1008DC0053F82230002B09D15B4B00221A705B4B72
:1008EC001B88013B9AB2594B1A808FE2554B1B78EF
:1008FC000133DAB2534B1A7088E27B790A2B40F041
:10090C007C82514B00221A704B4B1B78112B00F23E
:10091C00748201A252F823F06D0900086D090008D9
:10092C0081090008AD090008EB090008310A00082C
:10093C008D0A00088D0A0008D30A0008EF0A000887
:10094C001B0B0008570B0008070E0008730B000860
:10095C00070E0008990B0008C50B0008D70B000800
:10096C003B4B1B68002B00F03981394B1B68394815
:10097C00984733E1364B1B68002B03D0344B1B6874
:10098C0035489847354B1B78022B40F02981344B66
:10099C0000221A60334A137843F0200313701FE1CE
:1009AC002B4B1B68002B03D0294B1B682E489847F8
:1009BC002C4B1B7803F00803DBB2002B00F01281E8
:1009CC00284A137823F008031370264A137823F06F
:1009DC0040031370254B1A88254B1A8002E11C4BDF
:1009EC001B68002B03D01A4B1B68224898471C4BE2
:1009FC0000221A60194B1B78062B04D1194A137864
:100A0C0043F020031370174A137843F0020313705A
:100A1C00194B1B68002B00F0E780174B1B68032059
:100A2C009847E1E00A4B1B68002B00F0DF80084B75
:100A3C001B6812489847D9E06004002070C2000877
:100A4C00C402002061040020C20200204A040020DD
:100A5C003002002098BD0008ACBD00081802002030
:100A6C00200200201C020020C0BD00084E04002003
:100A7C004C040020D8BD00082C020020F4BD000856
:100A8C00964B1B68002B03D0944B1B6894489847DB
:100A9C00944A137823F040031370924A137823F08E
:100AAC0002031370904B1B68002B03D08E4B1B68FA
:100ABC00002098478D4B1B78062B00F099808B4BB0
:100ACC000F221A709DE0854B1B68002B03D0834BC3
:100ADC001B6887489847834A137823F040031370A8
:100AEC008FE07E4B1B68002B03D07C4B1B6881482E
:100AFC0098477C4A137823F0080313707A4B1B68D1
:100B0C00002B77D0784B1B680A20984772E0734B08
:100B1C001B68002B03D0714B1B6877489847774BA9
:100B2C0000221A606F4A137843F0200313706D4A49
:100B3C00137843F0400313706B4B1B68002B5BD096
:100B4C00694B1B680720984756E0644B1B68002BC9
:100B5C0003D0624B1B686A489847624A137823F0AB
:100B6C00400313704DE05D4B1B68002B03D05B4BB7
:100B7C001B68644898475B4A137823F04003137052
:100B8C00584A137823F0020313703AE0534B1B6856
:100B9C00002B03D0514B1B685B489847514A137884
:100BAC0023F0400313704F4A137823F002031370A1
:100BBC004E4B0F221A7024E0484B1B68002B1DD0A3
:100BCC00464B1B685148984718E0444B1B68002B58
:100BDC0016D0424B1B684E48984711E000BF0CE101
:100BEC0000BF0AE100BF08E100BF06E100BF04E15D
:100BFC0000BF02E100BF00E100BFFEE000BFFCE06F
:100C0C0000BFFAE07B792C2B0CD1424B06221A70D8
:100C1C00324B1B68002B00F0F280304B1B683E48B7
:100C2C009847ECE03B4B00221A703C4B1B88013B75
:100C3C009AB23A4B1A80294B1B68002B00F0DF80CC
:100C4C00264B1B6836489847D9E07B79222B40F01D
:100C5C00D880304B07221A70324B00221A80D0E019
:100C6C007B79222B03D02F4B1B88102B03D1294BC4
:100C7C0008221A70CAE02B4B1B885A1C91B2294AC5
:100C8C0011801946284A7B795354BFE07B790A2B93
:100C9C0040F0B9801F4B00221A70224B1B880F2B7F
:100CAC000ED8204B1B881A461F4B002199540D4A15
:100CBC00137843F020031370104B00221A6002E0EB
:100CCC00194B00221A70084B1B68002B00F09B80FC
:100CDC00054B1B680420984795E000BF30020020AC
:100CEC0014BE00081C0200202C0200201802002058
:100CFC0040BE00085CBE000874BE00082002002044
:100D0C008CBE0008A4BE0008B8BE0008D0BE000807
:100D1C00E8BE0008C202002000BF00084A04002000
:100D2C0018BF0008C4020020AC0200207B792C2BD9
:100D3C0006D1414B0B221A70404B00221A8065E001
:100D4C003D4B00221A703E4B1B88013B9AB23C4B28
:100D5C001A805BE07B793A2B03D1374B0C221A704B
:100D6C0054E07B792F2B02D97B79392B09D9324B63
:100D7C0000221A70324B1B88013B9AB2304B1A80FE
:100D8C0044E02E4B1B881A46920013445B009AB227
:100D9C002A4B1A807B799AB2284B1B8813449BB23E
:100DAC00303B9AB2254B1A8030E0264B9B68002BC7
:100DBC0004D0244B9B687A79104698471F4B1B88AC
:100DCC00013B9AB21D4B1A801C4B1B88002B1CD16B
:100DDC00194B00221A701C4B1B68002B15D01A4B98
:100DEC001B681A48984710E0134B00221A70184BD6
:100DFC0000221A600AE000BF08E000BF06E000BF56
:100E0C0004E000BF02E000BF00E000BF0C4B1B88F9
:100E1C0001339AB20A4B1A80094B1B88802B02D1E2
:100E2C00074B00221A80064B1B88FA889A427FF4E3
:100E3C00D2AB0837BD4680BDC2020020C4020020E0
:100E4C004A04002054040020300200202CBF00086B
:100E5C002402002080B500AF9C4B64221A609C4B8E
:100E6C001B780F2B00F2E58101A252F823F000BF92
:100E7C00BD0E00081B0F00086D0F00088B0F00083B
:100E8C00A90F0008C70F00084D10000871100008CA
:100E9C009F1000082D11000855110008E7110008DB
:100EAC0005120008C50E0008E50E00080D0F00081D
:100EBC00864B00221A60BCE1864B1B6800209847C9
:100ECC00854B1B68002B03D0834B1B6883489847CA
:100EDC007F4B0E221A70ACE17E4B1B6801209847A9
:100EEC007D4B1B68002B03D07B4B1B687C489847C1
:100EFC00774B0F221A70754B4FF4FA721A6098E107
:100F0C00734B01221A70774B00221A7091E1754BCA
:100F1C001B78002B0DD0734B1B78013BDAB2714B55
:100F2C001A70704B1B78002B06D1694B0D221A706E
:100F3C007FE16C4B04221A706B4A137823F0200368
:100F4C0013706A4800F00CFA634B1B68002B03D03B
:100F5C00614B1B68664898475D4B02221A7068E12A
:100F6C00614B1B7803F02003DBB2002B03D0584BF2
:100F7C0003221A705DE1564B01221A7059E15D484B
:100F8C0000F0EEF9544B1B68002B03D0524B1B683E
:100F9C00594898474E4B04221A704AE1574800F0C2
:100FAC00DFF94D4B1B68002B03D04B4B1B6854488F
:100FBC009847474B05221A703BE14B4B1B7803F0CB
:100FCC000203DBB2002B03D0414B07221A7030E135
:100FDC004C4B1B78002B00F029814B4800F0C0F9DA
:100FEC00222000F0EDF9474800F0BAF9222000F079
:100FFC00E7F92C2000F0E4F9222000F0E1F9434855
:10100C0000F0AEF9222000F0DBF90D2000F0D8F949
:10101C000A2000F0D5F9304B1B68002B03D02E4B67
:10102C001B683B489847304A137823F02003137011
:10103C00274B06221A70254B40F2DC521A60F8E05E
:10104C00294B1B7803F02003DBB2002B06D0204B7E
:10105C0007221A70234B04221A70EAE01C4B01225F
:10106C001A70E6E02B4B00221A702B4800F078F92E
:10107C00194B1B68002B03D0174B1B68274898474C
:10108C00194A137823F020031370114B08221A709D
:10109C00CFE0154B1B7803F02003DBB2002B03D001
:1010AC000B4B09221A70C4E00E4B1B78013BDAB2D1
:1010BC000C4B1A700B4B1B78002B03D1044B0122E9
:1010CC001A70B6E0024B07221A70B2E02002002020
:1010DC0018020020540400203002002040BF0008F9
:1010EC0058BF0008500400201C020020ECC000086F
:1010FC0070BF000804C1000880BF0008F4C00008DD
:10110C0094BF00083402002014C1000874020020AF
:10111C00A8BF0008AC02002020C10008BCBF00081A
:10112C00454B1B78002B00F08380444800F018F9E5
:10113C00434B1B68002B03D0414B1B68414898471D
:10114C00414B0A221A7074E0404800F009F9222041
:10115C0000F036F93E4800F003F9222000F030F997
:10116C002C2000F02DF9222000F02AF9324800F052
:10117C00F7F8222000F024F92C2000F021F9354852
:10118C0000F0EEF82C2000F01BF9334800F0E8F8E2
:10119C002C2000F015F9302000F012F90D2000F091
:1011AC000FF90A2000F00CF9254B1B68002B03D01B
:1011BC00234B1B6829489847294A137823F02003AE
:1011CC001370274A137823F0400313701E4B0B2225
:1011DC001A70244BC8221A602BE0214B1B7803F0A9
:1011EC002003DBB2002B03D0174B0C221A7020E02B
:1011FC00154B01221A701CE0194B1B7803F00203EB
:10120C00DBB2002B03D1104B01221A7011E0144BEE
:10121C001B7803F04003DBB2002B03D10A4B0922ED
:10122C001A7006E00F4B00221A6002E000BF00E0CB
:10123C0000BF00BF80BD00BF940200203CC100086D
:10124C0030020020D0BF0008180200202CC100087A
:10125C0004000020A4020020BC020020E8BF00080B
:10126C001C0200202002002080B582B000AF344B5D
:10127C001B7803F00103DBB2002B13D0314B1B683E
:10128C00002B59D1304B1A88304B1A802C4A1378CA
:10129C0023F0010313702E4B01221A702D4B0A22DE
:1012AC001A6049E0294B1A88274B1B889A4244D074
:1012BC00264B1B881A46284B9B5CFB71204B1B78DA
:1012CC0003F00403DBB2002B04D0FB793E2B01D1DD
:1012DC000A23FB71214B5B68FA7910469847034649
:1012EC00002B2AD0164B1B7803F00403DBB2002B27
:1012FC0013D0164B1B881A46174B9B5C3E2B0CD1FC
:10130C000F4A137823F0040313700D4A137843F03B
:10131C00010313700B4B05221A600C4B1B88013315
:10132C009AB20A4B1A80094B1B88B3F5807F04D103
:10133C00064B00221A8000E000BF0837BD4680BD76
:10134C001C020020280200204E0400204C04002027
:10135C001802002020020020480300205404002022
:10136C0080B485B000AF78600023FB6017E0FB68A9
:10137C007A681A44104B1B88591C88B20E49088095
:10138C00194612780D4B5A540B4B1B88B3F5807FC2
:10139C0002D1094B00221A80FB680133FB60FB6809
:1013AC007A6813441B78002BE1D100BF00BF1437BF
:1013BC00BD4680BC704700BF4E040020480300208F
:1013CC0080B483B000AF0346FB710B4B1B885A1CD7
:1013DC0091B2094A11801946084AFB795354064BBD
:1013EC001B88B3F5807F02D1034B00221A8000BF0B
:1013FC000C37BD4680BC70474E04002048030020CB
:10140C0080B483B000AF78603960134A7B68136096
:10141C00124A3B681360104B1B6800221A710E4B6A
:10142C001B6800225A710C4B1B6800221A720A4B63
:10143C001B68FF229A72094B1B6800221A71074B1A
:10144C001B6800225A71054B1B68FF229A7100BF62
:10145C000C37BD4680BC70471002002014020020DF
:10146C0080B483B000AF0346FB710E4B1B68196848
:10147C000C4B1B685A79501CC0B2587113460B4464
:10148C00FA791A70074B1B685979064B1B689A7AC4
:10149C00044B1B680A40D2B25A7100BF0C37BD46D0
:1014AC0080BC70471002002080B582B000AF8E4B1C
:1014BC001B685B79FB712DE18B4B1B681B7A062B30
:1014CC0000F2088101A252F823F000BFF5140008C5
:1014DC001F1500086D150008A3150008D915000884
:1014EC00FB150008691600087F4B1B681B687E4AB9
:1014FC001268127913441B78DBB2552B40F0EF8045
:10150C00794B1B6801221A72774B1B6805221A73E0
:10151C00E5E0754B1B681B68734A1268127913441B
:10152C001B78DBB24E2B04D16F4B1B6802221A7254
:10153C00D7E06D4B1B681B686B4A12681279134419
:10154C001B78DBB2552B00F0CC80674B1B6800225C
:10155C001A72654B1B681A79013AD2B21A71C0E043
:10156C00614B1B681B68604A1268127913441B7824
:10157C00DBB2452B04D15C4B1B6803221A72B8E01A
:10158C00594B1B6800221A72574B1B681A79013A87
:10159C00D2B21A71ADE0544B1B681B68524A1268E8
:1015AC00127913441B78DBB2522B04D14E4B1B68BF
:1015BC0004221A729DE04C4B1B6800221A724A4B93
:1015CC001B681A79013AD2B21A7192E0464B1B6829
:1015DC001B68454A126812791A44434B1B681278EF
:1015EC00D2B2DA71404B1B6805221A7281E03E4B75
:1015FC001B681B683C4A1268127913441B78DBB2D7
:10160C003A2B20D1384B1B6806221A72364B1B68BA
:10161C001A79354B1B680132D2B29A71324B1B6866
:10162C009979314B1B689A7A2F4B1B680A40D2B2BE
:10163C009A712D4B1B68DA792B4B1B6882F03602A2
:10164C00D2B25A7255E0284B1B6800221A72264BF4
:10165C001B681A79013AD2B21A714AE0224B1B6804
:10166C00DA79013AD2B2DA711F4B1B68DB79002BA5
:10167C0011D01D4B1B681B681B4A1268127913444E
:10168C001B78D9B2184B1B685A7A174B1B684A4007
:10169C00D2B25A722CE0144B1B6800221A72124BF5
:1016AC001B681B68104A1268127913441B78DAB253
:1016BC000D4B1B685B7A9A421AD10B4B1B680122AB
:1016CC00DA72094B1B68094A12681146184600F079
:1016DC0047F90DE0044B1B6800221A7209E000BFA9
:1016EC0007E000BF05E000BF10020020140200203C
:1016FC0000BF0E4B1B681A790132D2B21A710B4B18
:10170C001B681979094B1B689A7A084B1B680A40AD
:10171C00D2B21A71054B1B681B79FA799A427FF485
:10172C00CBAE00BF00BF0837BD4680BD1002002005
:10173C0080B483B000AF78600B46FB701346BB706F
:10174C007B680022DA717B681A687B685B79591CAC
:10175C00C8B279684871134455221A707B685A795B
:10176C007B689B791340DAB27B685A717B681A6884
:10177C007B685B79591CC8B27968487113444E2256
:10178C001A707B685A797B689B791340DAB27B6854
:10179C005A717B681A687B685B79591CC8B2796886
:1017AC004871134445221A707B685A797B689B797F
:1017BC001340DAB27B685A717B681A687B685B7974
:1017CC00591CC8B279684871134452221A707B684C
:1017DC005A797B689B791340DAB27B685A717B68C3
:1017EC001A687B685B79591CC8B2796848711344D4
:1017FC00BA780132D2B21A707B685A797B689B79BD
:10180C001340DAB27B685A717B681A687B685B7923
:10181C00591CC8B27968487113443A221A707B6813
:10182C005A797B689B791340DAB27B685A717B6872
:10183C001A687B685B79591CC8B279684871134483
:10184C00FA781A707B685A797B689B791340DAB204
:10185C007B685A717B68DB795AB2BB780133DBB297
:10186C005BB253405BB2DAB27B68DA717B68DA79CF
:10187C00FB785340DBB283F03603DAB27B68DA7163
:10188C007B68DB7918460C37BD4680BC704780B44A
:10189C0083B000AF78600B46FB707B681A687B687E
:1018AC005B79591CC8B2796848711344FA781A707C
:1018BC007B685A797B689B791340DAB27B685A71E2
:1018CC007B68DA79FB785340DAB27B68DA717B6833
:1018DC00DB7918460C37BD4680BC704790B482B09B
:1018EC0000AF786039601D4B00221A7027E01B4B4B
:1018FC001B781A463B681A447B6819687B685B79CD
:10190C00581CC4B2786844710B4412781A707B6806
:10191C005A797B689B791340DAB27B685A710F4B0A
:10192C001B785A1CD1B20D4A11701A463B681344ED
:10193C001A787B68DB795340DAB27B68DA71074B33
:10194C001B781A463B6813441B78002BCFD17B685D
:10195C00DB7918460837BD4690BC704764080020F8
:10196C0080B582B000AF786039607B681B687A689C
:10197C00927913441B78DBB2A02B02D0A12B10D090
:10198C0021E00222A0213868FFF7D2FEF02138684E
:10199C00FFF77DFF3B68DB7919463868FFF777FF67
:1019AC0028E00C22A1213868FFF7C2FE134B1B68FC
:1019BC0019463868FFF792FF3B68DB79194638689F
:1019CC00FFF765FF16E07B681B687A689279134411
:1019DC001B78DBB2022219463868FFF7A9FEFE21FC
:1019EC003868FFF754FF3B68DB7919463868FFF716
:1019FC004EFF00BF00BF0837BD4680BD0000002071
:101A0C0080B483B000AF78603960194B55221A70DE
:101A1C00174B53225A70164B42229A70144B2022A9
:101A2C00DA70144B00221A7010E0124B1B781A4615
:101A3C007B681A440F4B1B78043311780C4AD15431
:101A4C000C4B1B780133DAB20A4B1A70094B1B781A
:101A5C001A463B689342E8DC064B1B780433DAB237
:101A6C00044B1A7000BF0C37BD4680BC704700BFDA
:101A7C003C0500203C06002080B483B000AF7860A9
:101A8C007B681B68054A934202D1054B01221A6000
:101A9C0000BF0C37BD4680BC704700BF002C014016
:101AAC004006002080B582B000AF78607B681B6870
:101ABC000A4A93420ED10A4B1B781846FEF70CFCCF
:101ACC00074B1B781846FFF7CBFC0122044905484D
:101ADC0003F0F1FF00BF0837BD4680BD0038014060
:101AEC0049060020AC04002080B582B000AF03464C
:101AFC00FB71FB79002B14BF01230023DBB21A46C8
:101B0C000121034801F0B2F800BF0837BD4680BD83
:101B1C000008014080B582B000AF0346FB71F91D8F
:101B2C0064230122064803F03BFF0346002B0CBF45
:101B3C0001230023DBB218460837BD4680BD00BF29
:101B4C00AC04002080B582B000AF0346FB71FB797A
:101B5C001846FEF7C1FB00BF0837BD4680BD00002C
:101B6C00B0B5DCB000AF00F0DBFC00F07BF900F0AE
:101B7C0077FA00F0D1F900F01FFA00F047FA08F0FC
:101B8C002BFC9E4808F05CFD9D4B00221A709D4872
:101B9C0003F014FB01229C499C4803F08CFF9C4BE6
:101BAC000A221A609B4B00221A609B4B00221A706F
:101BBC009A48FEF75FFC9A48FEF7E2FC99499A486E
:101BCC00FEF7C6FAFEF750FB0346032B1AD0974BD1
:101BDC0007F5AA741D460FCD0FC495E803002060CD
:101BEC000434218002340B0C237007F5AA731846B9
:101BFC00FEF7A6FA03469AB207F5AA7164238C483D
:101C0C0003F0CEFE47F23A5247F230518948FEF7C4
:101C1C00D5FAFEF745FB0346072B16D0864B07F586
:101C2C009E741D460FCD0FC495E8030084E8030095
:101C3C0007F59E731846FEF783FA03469AB207F52A
:101C4C009E7164237A4803F0ABFE7C4B7C4A1A608D
:101C5C007C4B7D4A1A607B497848FFF7D1FB6D4B72
:101C6C001B68002B69D06B4B00221A60FEF73EFC00
:101C7C00674B1B68013B664A1360654B1B68002B66
:101C8C0007D1634B0A221A604FF400516F4801F0E0
:101C9C0005F86F4B1B8801339AB26D4B1A806C4B55
:101CAC001B88C72B49D96A4B00221A80FEF7F8FA19
:101CBC000346072B2AD1674B07F592741D460FCDAF
:101CCC000FC495E8030020600434218007F592735B
:101CDC001846FEF735FA03469AB207F5927164235B
:101CEC00534803F05DFE5C4A07F58E7392E80300DF
:101CFC0018600433198002330A0C1A7007F58E70C1
:101D0C00062306220021FEF707FB16E0534B07F5CE
:101D1C0080741D460FCD0FC495E8070003C42280C4
:101D2C0007F580731846FEF70BFA03469AB207F5CF
:101D3C00807164233E4803F033FEFEF707FCFFF787
:101D4C00B3FB404B1A793F4B5B799A423BD0FEF781
:101D5C00A7FA0346072B36D10023A7F86E311CE0F7
:101D6C00384B1A68374B1B79591CC8B23549087166
:101D7C001A44B7F86E31591CA7F86E11194612782F
:101D8C0007F5B873A3F5B8735A542E4B1A792D4B2B
:101D9C009B791340DAB22B4B1A712A4B1A79294BC7
:101DAC005B799A4203D0B7F86E31FF2BD8D9B7F8CC
:101DBC006E31002B07D0B7F86E31B7F86E2138466C
:101DCC000021FEF7A9FA144B1B78002B08D06423D2
:101DDC00012211490D4803F0E3FD0F4B00221A704C
:101DEC00074B1B7819461E4808F004FC0346002BD1
:101DFC007FF435AF024B00221A7030E70D1A000841
:101E0C003C0600206404002049060020AC0400209D
:101E1C004406002040060020480600200800002050
:101E2C0015B0000800C000080CC0000838C000083D
:101E3C00F404002028C0000850C000084C08002002
:101E4C004C0600205C0800204C07002000100140CC
:101E5C004A06002068C0000880C0000888C000083E
:101E6C003C05002080B594B000AF07F12803282270
:101E7C000021184609F01DF907F1140300221A601D
:101E8C005A609A60DA601A613B1D00221A605A602F
:101E9C009A60DA600123BB624FF48033FB6200234B
:101EAC003B630123BB6302237B644FF48033BB642D
:101EBC004FF4E013FB6407F12803184602F068FCAA
:101ECC000346002B01D000F02BF90F237B6102237A
:101EDC00BB610023FB614FF480633B6200237B6298
:101EEC0007F114030221184602F0D4FE0346002B1E
:101EFC0001D000F015F910237B6000233B613B1DE2
:101F0C00184603F055F80346002B01D000F008F9F1
:101F1C0000BF5037BD4680BD80B586B000AF07F11D
:101F2C00080300221A605A609A60DA603B4600226D
:101F3C001A605A601E4B1F4A1A601D4B47225A608A
:101F4C001B4B00229A601A4B42F20F72DA60184B4C
:101F5C0000221A61164B00225A61154B00229A611D
:101F6C00134803F0DBF80346002B01D000F0D8F83F
:101F7C004FF48053BB6007F1080319460C4803F07B
:101F8C005FFA0346002B01D000F0CAF800233B6037
:101F9C0000237B603B461946054803F041FC034691
:101FAC00002B01D000F0BCF800BF1837BD4680BD37
:101FBC0064040020002C014080B500AF114B124A84
:101FCC001A60104B4FF4E1325A600E4B00229A60AB
:101FDC000C4B0022DA600B4B00221A61094B0C22CD
:101FEC005A61084B00229A61064B0022DA610548BF
:101FFC0003F086FC0346002B01D000F091F800BFE3
:10200C0080BD00BFAC0400200038014080B500AF9B
:10201C00114B124A1A60104B4FF4E1325A600E4BBE
:10202C0000229A600C4B0022DA600B4B00221A61E2
:10203C00094B0C225A61084B00229A61064B002274
:10204C00DA61054803F05CFC0346002B01D000F07C
:10205C0067F800BF80BD00BFF404002000440040BE
:10206C0080B588B000AF07F1100300221A605A60E7
:10207C009A60DA60274B9B69264A43F01003936100
:10208C00244B9B6903F01003FB60FB68214B9B699D
:10209C00204A43F0200393611E4B9B6903F02003FD
:1020AC00BB60BB681B4B9B691A4A43F004039361EA
:1020BC00184B9B6903F004037B607B6800224FF490
:1020CC000051154800F0D2FD01220121134800F007
:1020DC00CDFD4FF400533B6101237B610023BB61B9
:1020EC000223FB6107F1100319460B4800F03AFC80
:1020FC0001233B6101237B610023BB610223FB6154
:10210C0007F110031946054800F02CFC00BF2037DE
:10211C00BD4680BD00100240001001400008014087
:10212C0080B400AF72B600BF00BFFDE780B485B0CD
:10213C0000AF154B9B69144A43F001039361124B9A
:10214C009B6903F00103BB60BB680F4BDB690E4A54
:10215C0043F08053D3610C4BDB6903F080537B60FD
:10216C007B680A4B5B68FB60FB6823F0E063FB60F9
:10217C00FB6843F00073FB60044AFB68536000BFCC
:10218C001437BD4680BC704700100240000001406F
:10219C0080B584B000AF78607B681B680D4A9342B1
:1021AC0013D10D4B9B690C4A43F4006393610A4BAA
:1021BC009B6903F40063FB60FB680022002119207B
:1021CC0000F0E7FA192000F000FB00BF1037BD4605
:1021DC0080BD00BF002C01400010024080B58AB0C9
:1021EC0000AF786007F1180300221A605A609A60F9
:1021FC00DA607B681B683B4A93423AD13A4B9B6945
:10220C00394A43F480439361374B9B6903F4804311
:10221C007B617B69344B9B69334A43F004039361C4
:10222C00314B9B6903F004033B613B694FF4007332
:10223C00BB610223FB6103237B6207F11803194680
:10224C002A4800F08FFB4FF48063BB610023FB61D5
:10225C0000233B6207F118031946244800F082FB67
:10226C0000220021252000F094FA252000F0ADFA80
:10227C0034E07B681B681E4A93422FD11A4BDB69F2
:10228C00194A43F40033D361174BDB6903F4003371
:10229C00FB60FB68144B9B69134A43F00403936186
:1022AC00114B9B6903F00403BB60BB680423BB6147
:1022BC000223FB6103237B6207F1180319460B48C9
:1022CC0000F050FB0823BB610023FB6100233B6241
:1022DC0007F118031946054800F044FB00BF2837E6
:1022EC00BD4680BD0038014000100240000801408E
:1022FC000044004080B400AF00BFFDE780B400AFE5
:10230C0000BFFDE780B400AF00BFFDE780B400AFB5
:10231C0000BFFDE780B400AF00BFFDE780B400AFA5
:10232C0000BFBD4680BC704780B400AF00BFBD4647
:10233C0080BC704780B400AF00BFBD4680BC704706
:10234C0080B500AF00F032F900BF80BD80B500AFA2
:10235C00024800F0D8FD00BF80BD00BF3C1100203A
:10236C0080B500AF024802F07BFF00BF80BD00BF0C
:10237C006404002080B500AF024803F0C1FB00BF2D
:10238C0080BD00BFAC04002080B586B000AFF86003
:10239C00B9607A6000237B610AE0AFF300800146EC
:1023AC00BB685A1CBA60CAB21A707B6901337B6174
:1023BC007A697B689A42F0DB7B6818461837BD4611
:1023CC0080BD80B586B000AFF860B9607A6000233C
:1023DC007B6109E0BB685A1CBA601B781846AFF3E6
:1023EC0000807B6901337B617A697B689A42F1DBFF
:1023FC007B6818461837BD4680BD80B483B000AFEB
:10240C0078604FF0FF3318460C37BD4680BC7047E0
:10241C0080B483B000AF786039603B684FF40052F1
:10242C005A60002318460C37BD4680BC704780B4F8
:10243C0083B000AF7860012318460C37BD4680BCD2
:10244C00704780B485B000AFF860B9607A60002343
:10245C0018461437BD4680BC7047000080B586B066
:10246C0000AF7860144A154BD31A7B617B693B61D2
:10247C00134B1B68002B02D1114B124A1A60104BE4
:10248C001A687B6813443A699A4207D208F072FEC4
:10249C0003460C221A604FF0FF3309E0084B1B680F
:1024AC00FB60074B1A687B681344054A1360FB6892
:1024BC0018461837BD4680BD0050002000040000AF
:1024CC00680800208017002080B400AF00BFBD4614
:1024DC0080BC7047FFF7F8FF0B480C490C4A0023EF
:1024EC0002E0D458C4500433C4188C42F9D3094ABE
:1024FC00094C002301E013600432A242FBD308F024
:10250C003FFEFFF72DFB704700000020F401002078
:10251C0050C30008F401002080170020FEE70000E3
:10252C0080B500AF084B1B68074A43F010031360DB
:10253C00032000F023F90F2000F008F8FFF7F6FD58
:10254C000023184680BD00BF0020024080B582B039
:10255C0000AF7860124B1A68124B1B7819464FF477
:10256C007A73B3FBF1F3B2FBF3F3184600F03BF9CB
:10257C000346002B01D001230EE07B680F2B0AD8F9
:10258C00002279684FF0FF3000F003F9064A7B68AF
:10259C001360002300E0012318460837BD4680BDB8
:1025AC00140000201C0000201800002080B400AF94
:1025BC00054B1B781A46054B1B681344034A1360E2
:1025CC0000BFBD4680BC70471C0000206C0800207A
:1025DC0080B400AF024B1B681846BD4680BC7047E8
:1025EC006C08002080B485B000AF78607B6803F085
:1025FC000703FB600C4BDB68BB60BA684FF6FF034C
:10260C001340BB60FB681A02BB68134343F0BF6303
:10261C0043F40033BB60044ABB68D36000BF14377B
:10262C00BD4680BC704700BF00ED00E080B400AF39
:10263C00044BDB681B0A03F007031846BD4680BC3D
:10264C00704700BF00ED00E080B483B000AF0346DC
:10265C00FB7197F90730002B0BDBFB7903F01F02A2
:10266C00064997F907305B09012000FA02F241F89C
:10267C00232000BF0C37BD4680BC704700E100E052
:10268C0080B483B000AF03463960FB7197F9073013
:10269C00002B0ADB3B68DAB20C4997F907301201C0
:1026AC00D2B20B4483F800230AE03B68DAB2084943
:1026BC00FB7903F00F03043B1201D2B20B441A76E0
:1026CC0000BF0C37BD4680BC704700BF00E100E086
:1026DC0000ED00E080B489B000AFF860B9607A60BA
:1026EC00FB6803F00703FB61FB69C3F10703042BD1
:1026FC0028BF0423BB61FB690433062B02D9FB6999
:10270C00033B00E000237B614FF0FF32BB6902FA10
:10271C0003F3DA43BB681A407B699A404FF0FF31F0
:10272C007B6901FA03F3D9437B680B4013431846CA
:10273C002437BD4680BC704780B582B000AF78604E
:10274C007B68013BB3F1807F01D301230FE00A4A80
:10275C007B68013B53600F214FF0FF30FFF790FF78
:10276C00054B00229A60044B07221A60002318467E
:10277C000837BD4680BD00BF10E000E080B582B0D8
:10278C0000AF78607868FFF72DFF00BF0837BD46B3
:10279C0080BD80B586B000AF0346B9607A60FB732C
:1027AC0000237B61FFF742FF78617A68B96878692A
:1027BC00FFF790FF024697F90F3011461846FFF7C6
:1027CC005FFF00BF1837BD4680BD80B582B000AF3B
:1027DC000346FB7197F907301846FFF735FF00BF2A
:1027EC000837BD4680BD80B582B000AF7860786890
:1027FC00FFF7A2FF034618460837BD4680BD80B4DC
:10280C0085B000AF78600023FB737B6893F82130B0
:10281C00DBB2022B08D07B6804229A637B6800220F
:10282C0083F82020012320E07B681B681A687B68F2
:10283C001B6822F00E021A607B681B681A687B68A2
:10284C001B6822F001021A607B681A6C7B68DB6BD8
:10285C00012101FA02F25A607B68012283F82120DF
:10286C007B68002283F82020FB7B18461437BD467A
:10287C0080BC704780B584B000AF78600023FB73D8
:10288C007B6893F82130DBB2022B05D07B680422E5
:10289C009A630123FB7351E07B681B681A687B68A1
:1028AC001B6822F00E021A607B681B681A687B6832
:1028BC001B6822F001021A607B681B68224A934253
:1028CC0029D07B681B68214A934222D07B681B6805
:1028DC001F4A93421AD07B681B681E4A934212D03F
:1028EC007B681B681C4A93420AD07B681B681B4A96
:1028FC00934202D14FF480130EE04FF080730BE043
:10290C004FF4803308E04FF4805305E04FF48073AC
:10291C0002E0102300E00123114A53607B6801227E
:10292C0083F821207B68002283F820207B685B6B76
:10293C00002B03D07B685B6B78689847FB7B184651
:10294C001037BD4680BD00BF080002401C0002408D
:10295C003000024044000240580002406C0002402B
:10296C000000024080B48BB000AF78603960002367
:10297C007B6200233B6269E101227B6A02FA03F36A
:10298C00FB613B681B68FA691340BB61BA69FB6960
:10299C009A4240F058813B685B689A4A93425ED0F9
:1029AC00984A934275D8984A934258D0964A934283
:1029BC006FD8964A934252D0944A934269D8944A1B
:1029CC0093424CD0924A934263D8924A934246D057
:1029DC00904A93425DD8122B2AD8122B59D801A2B7
:1029EC0052F823F06B2A0008452A0008572A0008E1
:1029FC00992A00089F2A00089F2A00089F2A00088D
:102A0C009F2A00089F2A00089F2A00089F2A000876
:102A1C009F2A00089F2A00089F2A00089F2A000866
:102A2C009F2A00089F2A00084D2A0008612A0008E6
:102A3C00794A934213D02CE03B68DB683B6229E077
:102A4C003B68DB6804333B6224E03B68DB6808339B
:102A5C003B621FE03B68DB680C333B621AE03B686F
:102A6C009B68002B02D104233B6213E03B689B68FC
:102A7C00012B05D108233B627B68FA691A6109E0D6
:102A8C0008233B627B68FA695A6103E000233B62CE
:102A9C0000E000BFBB69FF2B01D87B6801E07B68BD
:102AAC0004337B61BB69FF2B02D87B6A9B0002E07D
:102ABC007B6A083B9B003B617B691A680F213B6971
:102ACC0001FA03F3DB431A40396A3B6901FA03F359
:102ADC001A437B691A603B685B6803F08053002BD8
:102AEC0000F0B1804D4B9B694C4A43F0010393615C
:102AFC004A4B9B6903F00103BB60BB68484A7B6A85
:102B0C009B08023352F82330FB607B6A03F003030B
:102B1C009B000F2202FA03F3DB43FA681340FB60BD
:102B2C007B68404A934213D07B683F4A93420DD056
:102B3C007B683E4A934207D07B683D4A934201D161
:102B4C00032306E0042304E0022302E0012300E057
:102B5C0000237A6A02F0030292009340FA6813434E
:102B6C00FB602F497B6A9B080233FA6841F82320EB
:102B7C003B685B6803F48013002B06D02D4B9A68DE
:102B8C002C49BB6913438B6006E02A4B9A68BB69DE
:102B9C00DB43284913408B603B685B6803F40013EC
:102BAC00002B06D0234BDA682249BB691343CB6058
:102BBC0006E0204BDA68BB69DB431E491340CB604F
:102BCC003B685B6803F40033002B06D0194B5A6842
:102BDC001849BB6913434B6006E0164B5A68BB6936
:102BEC00DB43144913404B603B685B6803F4803350
:102BFC00002B21D00F4B1A680E49BB6913430B6095
:102C0C0021E000BF00003210000031100000221043
:102C1C0000002110000012100000111000100240E2
:102C2C000000014000080140000C01400010014070
:102C3C0000140140000401400B4B1A68BB69DB43D4
:102C4C00094913400B607B6A01337B623B681A684D
:102C5C007B6A22FA03F3002B7FF48EAE00BF00BF19
:102C6C002C37BD4680BC70470004014080B483B053
:102C7C0000AF78600B467B8013467B707B78002B13
:102C8C0003D07A887B681A6103E07B881A047B681E
:102C9C001A6100BF0C37BD4680BC704780B485B04C
:102CAC0000AF78600B467B807B68DB68FB607A88C2
:102CBC00FB6813401A04FB68D9437B880B401A430A
:102CCC007B681A6100BF1437BD4680BC704780B565
:102CDC0084B000AF78607B68002B01D10123E8E061
:102CEC007B6893F89132DBB2002B06D17B68002213
:102CFC0083F89022786807F0BFFD7B68032283F885
:102D0C0091227B6800225A717B681B68184603F07D
:102D1C0084FC7B6818687B6804330ECB03F05AFC88
:102D2C000346002B05D07B68022283F891220123F5
:102D3C00BFE07B681B680021184603F088FC034643
:102D4C00002B05D07B68022283F891220123B0E08E
:102D5C000023FB733EE0FA7B796813469B00134417
:102D6C00DB000B44113301221A70FA7B796813468D
:102D7C009B001344DB000B441033FA7B1A70FA7B74
:102D8C00796813469B001344DB000B441333002279
:102D9C001A70FA7B796813469B001344DB000B44D2
:102DAC00203300221A60FA7B796813469B00134487
:102DBC00DB000B44243300221A60FB7B79685A1C1D
:102DCC0013469B001344DB000B4400221A60FB7B70
:102DDC000133FB737B681B79FA7B9A42BBD30023CC
:102DEC00FB7344E0FA7B796813469B001344DB00C9
:102DFC000B4403F2511300221A70FA7B79681346C4
:102E0C009B001344DB000B4403F5A873FA7B1A7088
:102E1C00FA7B796813469B001344DB000B4403F2E6
:102E2C00531300221A70FA7B796813469B001344E3
:102E3C00DB000B4403F5B07300221A60FA7B79684F
:102E4C0013469B001344DB000B4403F5B2730022C2
:102E5C001A60FA7B796813469B001344DB000B4421
:102E6C0003F5B47300221A60FB7B0133FB737B68A0
:102E7C001B79FA7B9A42B5D37B6818687B6804335C
:102E8C000ECB03F0F0FB0346002B05D07B6802222F
:102E9C0083F8912201230CE07B6800225A737B6833
:102EAC00012283F891227B681B68184605F06FFE9F
:102EBC00002318461037BD4680BD80B582B000AFE8
:102ECC0078607B6893F89032012B01D1022316E0D5
:102EDC007B68012283F890227B681B68184603F0FC
:102EEC0086FB0121786807F03AFF7B681B6818465F
:102EFC0005F043FE7B68002283F8902200231846DD
:102F0C000837BD4680BD80B588B000AF78607B685F
:102F1C001B68184605F045FEB861BB6903F4004315
:102F2C00002B03D0786800F01AFB19E1BB6903F49D
:102F3C008063002B13D07B681B68B3F844309AB2C3
:102F4C007B681B6822F4806292B2A3F844207868F4
:102F5C0007F00DFD0021786800F005F900E1BB6970
:102F6C0003F48043002B0CD07B681B68B3F844300F
:102F7C009AB27B681B6822F4804292B2A3F8442078
:102F8C00EEE0BB6903F40053002B0CD07B681B688C
:102F9C00B3F844309AB27B681B6822F4005292B2A8
:102FAC00A3F84420DCE0BB6903F48053002B27D04A
:102FBC007B681B68B3F840309AB27B681B6822F0C0
:102FCC00040292B2A3F840207B681B68B3F840302F
:102FDC009AB27B681B6822F0080292B2A3F84020D8
:102FEC00786807F0FDFC7B681B68B3F844309AB234
:102FFC007B681B6822F4805292B2A3F84420AFE0A5
:10300C00BB6903F40063002B00F083800023FB7783
:10301C0010E07B681B681A46FB7F9B001A44FB7F01
:10302C00128892B25B0020333B4423F8182CFB7FB0
:10303C000133FB77FB7F072BEBD97B681B68B3F85D
:10304C0040309AB27B681B6842F0010292B2A3F83E
:10305C0040207B681B68B3F840309AB27B681B68D1
:10306C0022F0010292B2A3F8402000BF7B681B68DB
:10307C00B3F844309BB203F48063002BF6D07B682A
:10308C001B68B3F844309AB27B681B6822F48062E8
:10309C0092B2A3F844200023FB770FE0FB7F7A6801
:1030AC0012681146FA7F92000A445B0020333B44BD
:1030BC0033F8183C1380FB7F0133FB77FB7F072B26
:1030CC00ECD97B681B68B3F840309AB27B681B68FC
:1030DC0042F0080292B2A3F840207B681B68B3F858
:1030EC0044309AB27B681B6822F4006292B2A3F857
:1030FC0044207B681B68B3F840309AB27B681B682D
:10310C0042F0040292B2A3F84020786807F04EFC1B
:10311C0026E0BB6903F40073002B0FD07B681B689F
:10312C00B3F844309AB27B681B6822F4007292B2F6
:10313C00A3F84420786807F00CFC11E0BB6903F499
:10314C008073002B0CD07B681B68B3F844309AB2A8
:10315C007B681B6822F4807292B2A3F8442000BFF3
:10316C002037BD4680BD80B582B000AF78600B467D
:10317C00FB707B6893F89032012B01D1022312E093
:10318C007B68012283F890227B68FA785A737B68FB
:10319C001B68FA781146184605F0DCFC7B680022A7
:1031AC0083F89022002318460837BD4680BD80B5B1
:1031BC0084B000AF7860084611461A460346FB708F
:1031CC000B463B801346BB700023FB7297F9033010
:1031DC00002B0EDAFB7803F0070213469B00134416
:1031EC00DB0010337A681344FB60FB6801225A70D1
:1031FC000EE0FB7803F0070213469B001344DB0040
:10320C0003F5A8737A681344FB60FB6800225A70BC
:10321C00FB7803F00703DAB2FB681A703A88FB6894
:10322C001A61FB68BA78DA70BB78022B02D1FB68A2
:10323C0000221A717B6893F89032012B01D1022382
:10324C000EE07B68012283F890227B681B68F9688A
:10325C00184603F025FA7B68002283F89022FB7A4B
:10326C0018461037BD4680BD80B584B000AF78607D
:10327C000B46FB7097F90330002B0EDAFB7803F04A
:10328C00070213469B001344DB0010337A68134487
:10329C00FB60FB6801225A700EE0FB7803F007021A
:1032AC0013469B001344DB0003F5A8737A681344A0
:1032BC00FB60FB6800225A70FB7803F00703DAB25C
:1032CC00FB681A707B6893F89032012B01D10223B2
:1032DC000EE07B68012283F890227B681B68F968FA
:1032EC00184603F09DFD7B68002283F89022002392
:1032FC0018461037BD4680BD80B586B000AFF8606B
:10330C007A603B600B46FB72FB7A03F007021346B4
:10331C009B001344DB0003F5A873FA6813447B612C
:10332C007B697A685A617B693A689A617B69002289
:10333C00DA617B6900225A70FB7A03F00703DAB278
:10334C007B691A70FB681B687969184603F054FF97
:10335C00002318461837BD4680BD80B483B000AF3B
:10336C0078600B46FB70FB7803F007027968134614
:10337C009B001344DB000B4403F5B6731B68184623
:10338C000C37BD4680BC704780B586B000AFF86086
:10339C007A603B600B46FB72FB7A03F00702134624
:1033AC009B001344DB001033FA6813447B617B6988
:1033BC007A685A617B693A689A617B69012283F861
:1033CC0024207B693A681A627B690022DA617B6986
:1033DC0001225A70FB7A03F00703DAB27B691A7088
:1033EC00FB681B687969184603F006FF0023184632
:1033FC001837BD4680BD80B584B000AF78600B46F1
:10340C00FB70FB7803F007037A681279934201D9B9
:10341C0001234CE097F90330002B0EDAFB7803F014
:10342C00070213469B001344DB0010337A681344E5
:10343C00FB60FB6801225A700CE0FA7813469B0083
:10344C001344DB0003F5A8737A681344FB60FB6834
:10345C0000225A70FB6801229A70FB7803F0070374
:10346C00DAB2FB681A707B6893F89032012B01D1A9
:10347C0002231CE07B68012283F890227B681B6886
:10348C00F968184605F069FAFB7803F00703002B7E
:10349C0008D17B681A687B6803F5267319461046B9
:1034AC0005F08EFB7B68002283F8902200231846DF
:1034BC001037BD4680BD80B584B000AF78600B4638
:1034CC00FB70FB7803F00F037A681279934201D9F1
:1034DC00012340E097F90330002B0EDAFB7803F060
:1034EC00070213469B001344DB0010337A68134425
:1034FC00FB60FB6801225A700EE0FB7803F00702B8
:10350C0013469B001344DB0003F5A8737A6813443D
:10351C00FB60FB6800225A70FB6800229A70FB78F3
:10352C0003F00703DAB2FB681A707B6893F89032E9
:10353C00012B01D102230EE07B68012283F890223B
:10354C007B681B68F968184605F057FA7B680022FF
:10355C0083F89022002318461037BD4680BD80B5F5
:10356C0096B000AF7860BBE37B681B68B3F844305F
:10357C00A7F84E30B7F84E30DBB203F00F0387F8E4
:10358C004D3097F84D30002B40F07581B7F84E3028
:10359C0003F01003002B4ED17B681B681B889BB279
:1035AC0023F4E14323F07003FB817B681A68FB89E9
:1035BC006FEA43436FEA53439BB213807B6810332B
:1035CC007B657B681B68B3F850309BB21A467B6DE9
:1035DC001B78DB00134402335B007A6812681344D7
:1035EC0003F580631B88C3F309027B6DDA617B6D85
:1035FC005A697B6DDB691A447B6D5A6100217868CE
:10360C0007F08DF97B685B7BDBB2002B00F06883E5
:10361C007B6D9B69002B40F063837B685B7BDBB22B
:10362C0063F07F03DAB27B681B68A3F84C207B68DD
:10363C0000225A7354E37B6803F5A8737B657B689F
:10364C001B681B88A7F84A30B7F84A3003F40063AC
:10365C00002B34D07B681B68B3F850309BB21A46F1
:10366C007B6D1B78DB00134406335B007A681268B1
:10367C00134403F580631B88C3F309027B6DDA6185
:10368C007B6818687B6803F526717B6DDA887B6D27
:10369C00DB699BB205F0E5FA7B681B681B889AB264
:1036AC0040F68F7313403B827B681B683A8A42F06A
:1036BC00800292B21A80786807F004F910E3B7F927
:1036CC004A30002B80F20C837B681B681B889AB2F3
:1036DC0040F68F731340FB837B681B68FA8B42F0B8
:1036EC00800292B21A807B681B68B3F850309BB290
:1036FC001A467B6D1B78DB00134406335B007A683B
:10370C001268134403F580631B88C3F309027B6DB5
:10371C00DA617B6DDB69002B19D07B6D5B69002B4B
:10372C0015D07B6818687B6D59697B6DDA887B6D69
:10373C00DB699BB205F095FA7B6D5A697B6DDB6991
:10374C001A447B6D5A610021786807F0CDF87B68CC
:10375C001B681B88A7F84A30B7F84A3003F400639B
:10376C00002B40F0BD82B7F84A3003F44053B3F558
:10377C00405F00F0B5827B681B68BB617B681B688F
:10378C00B3F850309BB21A46BB691344BB61BB699A
:10379C0003F20C437B617B691B889BB2C3F3090367
:1037AC009AB27B691A807B6D1B693E2B1DD97B6D90
:1037BC001B695B097B647B6D1B6903F01F03002B8A
:1037CC0002D17B6C013B7B647B691B889AB27B6C5E
:1037DC009BB29B029BB213439BB26FEA43436FEACB
:1037EC0053439AB27B691A8026E07B6D1B69002BD0
:1037FC000AD17B691B889BB26FEA43436FEA534340
:10380C009AB27B691A8017E07B6D1B695B087B643D
:10381C007B6D1B6903F00103002B02D07B6C013321
:10382C007B647B691B889AB27B6C9BB29B029BB2BC
:10383C0013439AB27B691A807B681B681B889BB206
:10384C0023F4804323F070037B827B8A83F48053C0
:10385C007B827B8A83F400537B827B681A687B8A29
:10386C0043F07F4343F47F0343F4004343F080036E
:10387C009BB2138034E27B681B681A4697F84D3074
:10388C009B0013441B88A7F84A30B7F94A30002B29
:10389C0080F2FC807B681B681A4697F84D309B00C1
:1038AC0013441B889AB240F68F731340A7F8483024
:1038BC007B681B681A4697F84D309B001344B7F889
:1038CC00482042F0800292B21A8097F84D2013469D
:1038DC009B001344DB0003F5A8737A6813447B65E3
:1038EC007B6D1B7B002B25D17B681B68B3F850309C
:1038FC009BB21A467B6D1B78DB00134406335B00CE
:10390C007A681268134403F580631B88C3F30903B8
:10391C00A7F85030B7F85030002B00F092807B683D
:10392C0018687B6D59697B6DDA88B7F8503005F0F3
:10393C0098F986E07B6DDB78022B0AD1B7F84A3018
:10394C001A46796D786800F0D9F90346A7F850301B
:10395C0077E07B681B681A467B6D1B789B001344D1
:10396C001B889BB223F4E04323F07003A7F852307A
:10397C007B681B681A467B6D1B789B001A44B7F852
:10398C00523043F07F4343F47F0343F4004343F04E
:10399C00C0039BB213807B681B681A467B6D1B7837
:1039AC009B0013441B889BB203F48043002B24D050
:1039BC007B681B68B3F850309BB21A467B6D1B7842
:1039CC00DB00134402335B007A681268134403F57E
:1039DC0080631B88C3F30903A7F85030B7F8503045
:1039EC00002B2ED07B6818687B6D59697B6D1A890A
:1039FC00B7F8503005F035F923E07B681B68B3F855
:103A0C0050309BB21A467B6D1B78DB001344063397
:103A1C005B007A681268134403F580631B88C3F358
:103A2C000903A7F85030B7F85030002B09D07B6849
:103A3C0018687B6D59697B6D5A89B7F8503005F061
:103A4C0010F97B6DDA69B7F850301A447B6DDA6186
:103A5C007B6D5A69B7F850301A447B6D5A617B6D97
:103A6C009B69002B05D0B7F850207B6D1B699A42DF
:103A7C0006D27B6D1B781946786806F035FF05E099
:103A8C007B681B68796D184603F0B6FBB7F84A30B3
:103A9C0003F08003002B00F0238197F84D20134690
:103AAC009B001344DB0010337A6813447B657B68FE
:103ABC001B681A4697F84D309B0013441B889BB229
:103ACC0023F4E14323F07003A7F842307B681B68B2
:103ADC001A4697F84D309B001A44B7F842306FEAFB
:103AEC0043436FEA53439BB213807B6DDB78012B0E
:103AFC0040F0A2807B6D00229A617B6D1B7B002BBA
:103B0C0000F09380B7F84A3003F04003002B46D006
:103B1C007B6D5B78002B26D17B681B687B627B6896
:103B2C001B68B3F850309BB21A467B6A13447B6215
:103B3C007B6D1B781A017B6A134403F204433B62CE
:103B4C003B6A1B889BB2C3F309039AB23B6A1A8087
:103B5C003B6A1B889BB26FEA43436FEA53439AB2AA
:103B6C003B6A1A8061E07B6D5B78012B5DD17B68D1
:103B7C001B68FB627B681B68B3F850309BB21A461B
:103B8C00FB6A1344FB627B6D1B781A01FB6A1344BE
:103B9C0003F20443BB62BB6A00221A8045E07B68D7
:103BAC001B68FB637B6D5B78002B26D17B681B68E5
:103BBC007B637B681B68B3F850309BB21A467B6BF7
:103BCC0013447B637B6D1B781A017B6B134403F2EC
:103BDC000C433B633B6B1B889BB2C3F309039AB248
:103BEC003B6B1A803B6B1B889BB26FEA43436FEABB
:103BFC0053439AB23B6B1A8017E07B6D5B78012BB9
:103C0C0013D17B681B68B3F850309BB21A46FB6B20
:103C1C001344FB637B6D1B781A01FB6B134403F29B
:103C2C000C43BB63BB6B00221A807B6D1B7819465F
:103C3C00786806F074FE53E0B7F84A3003F48073EA
:103C4C00002B46D17B681B68B3F850309BB21A46E8
:103C5C007B6D1B78DB00134402335B007A681268BF
:103C6C00134403F580631B88C3F30903A7F84030A2
:103C7C007B6D9A69B7F840309A4207D97B6D9A6987
:103C8C00B7F84030D21A7B6D9A6102E07B6D00224E
:103C9C009A617B6D9B69002B06D17B6D1B78194655
:103CAC00786806F03CFE1BE07B6D5A69B7F8403033
:103CBC001A447B6D5A617B6DDA69B7F840301A444F
:103CCC007B6DDA617B681B68796D184603F094FA9A
:103CDC0006E0B7F84A301A46796D786800F01BF99F
:103CEC007B681B68B3F844309BB21BB2002BFFF609
:103CFC003BAC002318465837BD4680BD80B588B014
:103D0C0000AFF860B9601346FB80FB8803F4804376
:103D1C00002B7ED0FB681B68B3F850309BB21A4660
:103D2C00BB681B78DB00134402335B00FA68126833
:103D3C00134403F580631B88C3F309037B83BB68BF
:103D4C009A697B8B9A4206D3BB689A697B8BD21A91
:103D5C00BB689A6102E0BB6800229A61BB689B69F0
:103D6C00002B23D1FB681B681A46BB681B789B0091
:103D7C0013441B889BB223F4804323F070033B83D2
:103D8C003B8B83F400533B83FB681B681A46BB6870
:103D9C001B789B001A443B8B43F07F4343F47F0317
:103DAC0043F4004343F080039BB21380FB8803F081
:103DBC004003002B1FD0FB681B681A46BB681B789E
:103DCC009B0013441B889BB223F4E04323F0700345
:103DDC00FB82FB681B681A46BB681B789B001A4465
:103DEC00FB8A43F07F4343F47F0343F4004343F0E7
:103DFC00C0039BB213807B8B002B00F08780FB6889
:103E0C001868BB685969BB681A897B8B04F029FF59
:103E1C007CE0FB681B68B3F850309BB21A46BB6859
:103E2C001B78DB00134406335B00FA6812681344FA
:103E3C0003F580631B88C3F309037B83BB689A6912
:103E4C007B8B9A4206D3BB689A697B8BD21ABB6870
:103E5C009A6102E0BB6800229A61BB689B69002BE7
:103E6C0023D1FB681B681A46BB681B789B00134464
:103E7C001B889BB223F4804323F07003FB83FB8BE2
:103E8C0083F40053FB83FB681B681A46BB681B78E2
:103E9C009B001A44FB8B43F07F4343F47F0343F4B2
:103EAC00004343F080039BB21380FB8803F0400374
:103EBC00002B1FD1FB681B681A46BB681B789B0044
:103ECC0013441B889BB223F4E04323F07003BB83A1
:103EDC00FB681B681A46BB681B789B001A44BB8B9B
:103EEC0043F07F4343F47F0343F4004343F0C003A8
:103EFC009BB213807B8B002B08D0FB681868BB68C7
:103F0C005969BB685A897B8B04F0ABFE7B8B1846D6
:103F1C002037BD4680BD80B5A4B000AFF860B96055
:103F2C001346FB80FB8803F04003002B00F0DD817F
:103F3C00FB681B68B3F850309BB21A46BB681B7801
:103F4C00DB00134402335B00FA681268134403F578
:103F5C0080631B88C3F30903A7F88630BB689A6992
:103F6C00B7F886309A4207D9BB689A69B7F8863099
:103F7C00D21ABB689A6102E0BB6800229A61BB68E6
:103F8C009B69002B40F0B980BB685B78002B26D175
:103F9C00FB681B68FB62FB681B68B3F850309BB274
:103FAC001A46FB6A1344FB62BB681B781A01FB6A56
:103FBC00134403F20443BB62BB6A1B889BB2C3F37A
:103FCC0009039AB2BB6A1A80BB6A1B889BB26FEA60
:103FDC0043436FEA53439AB2BB6A1A801AE0BB6838
:103FEC005B78012B16D1FB681B687B63FB681B6835
:103FFC00B3F850309BB21A467B6B13447B63BB689F
:10400C001B781A017B6B134403F204433B633B6B39
:10401C0000221A80FB681B687B62BB685B78002BF4
:10402C0026D1FB681B68FB61FB681B68B3F850303A
:10403C009BB21A46FB691344FB61BB681B781A01DF
:10404C00FB69134403F20C43BB61BB691B889BB235
:10405C00C3F309039AB2BB691A80BB691B889BB274
:10406C006FEA43436FEA53439AB2BB691A8017E075
:10407C00BB685B78012B13D1FB681B68B3F850301D
:10408C009BB21A467B6A13447B62BB681B781A018D
:10409C007B6A134403F20C433B623B6A00221A8096
:1040AC00BB681B781946F86806F039FCFB8803F4EA
:1040BC008043002B00F0FC82FB681B681A46BB682F
:1040CC001B789B0013441B889BB223F4E04323F022
:1040DC007003FB82FB681B681A46BB681B789B004D
:1040EC001A44FB8A43F07F4343F47F0343F4404379
:1040FC0043F080039BB21380DAE2FB8803F4804325
:10410C00002B21D0FB681B681A46BB681B789B00F0
:10411C0013441B889BB223F4E04323F07003A7F8ED
:10412C008A30FB681B681A46BB681B789B001A44D4
:10413C00B7F88A3043F07F4343F47F0343F44043A2
:10414C0043F080039BB21380BB6893F82430012B9F
:10415C0040F0AE82BB685A69B7F886301A44BB6827
:10416C005A61BB68DA69B7F886301A44BB68DA6101
:10417C00BB681A6ABB681B699A420BD3BB681B6984
:10418C00C7F88C30BB681A6AD7F88C30D21ABB6867
:10419C001A6217E0BB681B6A002B08D1B7F886308F
:1041AC00C7F88C30BB68002283F824200AE0BB6877
:1041BC00002283F82420BB681B6AC7F88C30BB68CC
:1041CC0000221A62BB685B78002B65D1FB681B6808
:1041DC00FB63FB681B68B3F850309BB21A46FB6B51
:1041EC001344FB63BB681B781A01FB6B134403F28B
:1041FC000443BB63BB6B1B889BB2C3F309039AB22A
:10420C00BB6B1A80D7F88C303E2B1DD9D7F88C306D
:10421C005B09BB64D7F88C3003F01F03002B02D171
:10422C00BB6C013BBB64BB6B1B889AB2BB6C9BB277
:10423C009B029BB213439BB26FEA43436FEA534317
:10424C009AB2BB6B1A8044E0D7F88C30002B0AD1A1
:10425C00BB6B1B889BB26FEA43436FEA53439AB222
:10426C00BB6B1A8035E0D7F88C305B08BB64D7F891
:10427C008C3003F00103002B02D0BB6C0133BB6408
:10428C00BB6B1B889AB2BB6C9BB29B029BB2134359
:10429C009AB2BB6B1A801CE0BB685B78012B18D1FF
:1042AC00FB681B687B64FB681B68B3F850309BB2DF
:1042BC001A467B6C13447B64BB681B781A017B6CBD
:1042CC00134403F204433B64D7F88C309AB23B6C32
:1042DC001A80FB681868BB685969BB681A89D7F8DB
:1042EC008C309BB204F077FCE2E1FB681B68B3F8FE
:1042FC0050309BB21A46BB681B78DB001344063364
:10430C005B00FA681268134403F580631B88C3F3DF
:10431C000903A7F88630BB689A69B7F886309A42C9
:10432C0007D3BB689A69B7F88630D21ABB689A6112
:10433C0002E0BB6800229A61BB689B69002B40F0CD
:10434C00C080BB685B78002B26D1FB681B68FB67C1
:10435C00FB681B68B3F850309BB21A46FB6F1344D2
:10436C00FB67BB681B781A01FB6F134403F2044311
:10437C00BB67BB6F1B889BB2C3F309039AB2BB6FBD
:10438C001A80BB6F1B889BB26FEA43436FEA53439F
:10439C009AB2BB6F1A801AE0BB685B78012B16D1FE
:1043AC00FB681B687B66FB681B68B3F850309BB2DC
:1043BC001A467B6E13447B66BB681B781A017B6EB6
:1043CC00134403F204433B663B6E00221A80FB68E5
:1043DC001B687B67BB685B78002B2BD1FB681B6869
:1043EC00FB66FB681B68B3F850309BB21A46FB6E39
:1043FC001344FB66BB681B781A01FB6E134403F273
:10440C000C43C7F88030D7F880301B889BB2C3F3BD
:10441C0009039AB2D7F880301A80D7F880301B88FD
:10442C009BB26FEA43436FEA53439AB2D7F880309A
:10443C001A8017E0BB685B78012B13D1FB681B68F3
:10444C00B3F850309BB21A467B6F13447B67BB6842
:10445C001B781A017B6F134403F20C433B673B6FD1
:10446C0000221A80BB681B781946F86806F057FAC8
:10447C00FB8803F48043002B40F01A81FB681B6817
:10448C001A46BB681B789B0013441B889BB223F411
:10449C00E04323F07003A7F88830FB681B681A46CA
:1044AC00BB681B789B001A44B7F8883043F07F43F5
:1044BC0043F47F0343F4404343F080039BB21380E7
:1044CC00F6E0FB8803F48043002B21D1FB681B68CA
:1044DC001A46BB681B789B0013441B889BB223F4C1
:1044EC00E04323F07003A7F84E30FB681B681A46B4
:1044FC00BB681B789B001A44B7F84E3043F07F43DF
:10450C0043F47F0343F4404343F080039BB2138096
:10451C00BB6893F82430012B40F0CA80BB685A6901
:10452C00B7F886301A44BB685A61BB68DA69B7F8C9
:10453C0086301A44BB68DA61BB681A6ABB681B69AF
:10454C009A420BD3BB681B69C7F88C30BB681A6ADC
:10455C00D7F88C30D21ABB681A6217E0BB681B6A9A
:10456C00002B08D1B7F88630C7F88C30BB68002216
:10457C0083F824200AE0BB681B6AC7F88C30BB6840
:10458C0000221A62BB68002283F82420FB681B6897
:10459C007B65BB685B78002B65D1FB681B68FB6592
:1045AC00FB681B68B3F850309BB21A46FB6D134482
:1045BC00FB65BB681B781A01FB6D134403F20C43BB
:1045CC00BB65BB6D1B889BB2C3F309039AB2BB6D71
:1045DC001A80D7F88C303E2B1DD9D7F88C305B095C
:1045EC00BB66D7F88C3003F01F03002B02D1BB6ED7
:1045FC00013BBB66BB6D1B889AB2BB6E9BB29B0228
:10460C009BB213439BB26FEA43436FEA53439AB294
:10461C00BB6D1A8041E0D7F88C30002B0AD1BB6DF2
:10462C001B889BB26FEA43436FEA53439AB2BB6D4C
:10463C001A8032E0D7F88C305B08BB66D7F88C3028
:10464C0003F00103002B02D0BB6E0133BB66BB6DC4
:10465C001B889AB2BB6E9BB29B029BB213439AB25D
:10466C00BB6D1A8019E0BB685B78012B15D1FB6818
:10467C001B68B3F850309BB21A467B6D13447B65B4
:10468C00BB681B781A017B6D134403F20C433B652A
:10469C00D7F88C309AB23B6D1A80FB681868BB68EF
:1046AC005969BB685A89D7F88C309BB204F093FADD
:1046BC00FB681B681A46BB681B789B0013441B885D
:1046CC009BB223F4E04323F04003BB82BB8A83F00C
:1046DC001003BB82BB8A83F02003BB82FB681B6880
:1046EC001A46BB681B789B001A44BB8A43F07F4375
:1046FC0043F47F0343F4004343F080039BB21380E5
:10470C00002318469037BD4680BD80B487B000AFFB
:10471C00F8607B600B467B8113463B817B8903F001
:10472C0080039BB2002B0BD07B8903F0070213464E
:10473C009B001344DB001033FA6813447B6109E0DF
:10474C007A8913469B001344DB0003F5A873FA68BF
:10475C0013447B613B89002B07D17B6900221A73C0
:10476C007B689AB27B69DA800BE07B6901221A7351
:10477C007B689AB27B691A817B681B0C9AB27B6945
:10478C005A81002318461C37BD4680BC7047000078
:10479C0080B586B000AF78607B68002B01D1012317
:1047AC0072E27B681B6803F00103002B00F087802A
:1047BC00924B5B6803F00C03042B0CD08F4B5B68A3
:1047CC0003F00C03082B12D18C4B5B6803F4803381
:1047DC00B3F5803F0BD1894B1B6803F40033002BDE
:1047EC006CD07B685B68002B68D101234CE27B6842
:1047FC005B68B3F5803F06D1804B1B687F4A43F45E
:10480C00803313602EE07B685B68002B0CD17B4BF4
:10481C001B687A4A23F480331360784B1B68774A01
:10482C0023F4802313601DE07B685B68B3F5A02F35
:10483C000CD1724B1B68714A43F4802313606F4B8D
:10484C001B686E4A43F4803313600BE06B4B1B68A0
:10485C006A4A23F480331360684B1B68674A23F45D
:10486C00802313607B685B68002B13D0FDF7B0FED0
:10487C00386108E0FDF7ACFE02463B69D31A642BA5
:10488C0001D9032300E25D4B1B6803F40033002BBA
:10489C00F0D014E0FDF79CFE386108E0FDF798FEBF
:1048AC0002463B69D31A642B01D90323ECE1534B29
:1048BC001B6803F40033002BF0D100E000BF7B68D1
:1048CC001B6803F00203002B63D04C4B5B6803F0B6
:1048DC000C03002B0BD0494B5B6803F00C03082B2B
:1048EC001CD1464B5B6803F48033002B16D1434B31
:1048FC001B6803F00203002B05D07B681B69012B9E
:10490C0001D00123C0E13D4B1B6823F0F8027B680A
:10491C005B69DB00394913430B603AE07B681B6928
:10492C00002B20D0364B01221A60FDF751FE386166
:10493C0008E0FDF74DFE02463B69D31A022B01D964
:10494C000323A1E12D4B1B6803F00203002BF0D0D5
:10495C002A4B1B6823F0F8027B685B69DB00274954
:10496C0013430B6015E0264B00221A60FDF730FE56
:10497C00386108E0FDF72CFE02463B69D31A022B86
:10498C0001D9032380E11D4B1B6803F00203002BAC
:10499C00F0D17B681B6803F00803002B3AD07B68CE
:1049AC009B69002B19D0174B01221A60FDF710FEE2
:1049BC00386108E0FDF70CFE02463B69D31A022B66
:1049CC0001D9032360E10D4B5B6A03F00203002B5A
:1049DC00F0D0012000F0CEFA1CE00A4B00221A6045
:1049EC00FDF7F6FD38610FE0FDF7F2FD02463B697D
:1049FC00D31A022B08D9032346E100BF0010024052
:104A0C000000424280044242924B5B6A03F0020374
:104A1C00002BE9D17B681B6803F00403002B00F02A
:104A2C00A6800023FB758B4BDB6903F08053002BB6
:104A3C000DD1884BDB69874A43F08053D361854B9A
:104A4C00DB6903F08053BB60BB680123FB75824BB1
:104A5C001B6803F48073002B18D17F4B1B687E4AB4
:104A6C0043F480731360FDF7B3FD386108E0FDF784
:104A7C00AFFD02463B69D31A642B01D9032303E132
:104A8C00754B1B6803F48073002BF0D07B68DB68DC
:104A9C00012B06D16F4B1B6A6E4A43F00103136264
:104AAC002DE07B68DB68002B0CD16A4B1B6A694AD2
:104ABC0023F001031362674B1B6A664A23F004035D
:104ACC0013621CE07B68DB68052B0CD1614B1B6A05
:104ADC00604A43F0040313625E4B1B6A5D4A43F069
:104AEC00010313620BE05B4B1B6A5A4A23F0010370
:104AFC001362584B1B6A574A23F0040313627B68FA
:104B0C00DB68002B15D0FDF763FD38610AE0FDF77B
:104B1C005FFD02463B69D31A41F28832934201D9B8
:104B2C000323B1E04B4B1B6A03F00203002BEED0C6
:104B3C0014E0FDF74DFD38610AE0FDF749FD024632
:104B4C003B69D31A41F28832934201D903239BE08B
:104B5C00404B1B6A03F00203002BEED1FB7D012BB3
:104B6C0005D13C4BDB693B4A23F08053D3617B6816
:104B7C00DB69002B00F08780364B5B6803F00C037D
:104B8C00082B61D07B68DB69022B46D1334B0022AA
:104B9C001A60FDF71DFD386108E0FDF719FD0246AE
:104BAC003B69D31A022B01D903236DE0294B1B68F7
:104BBC0003F00073002BF0D17B681B6AB3F5803FC8
:104BCC0008D1244B5B6823F400327B689B68214935
:104BDC0013434B601F4B5B6823F474127B68196A98
:104BEC007B685B6A0B431B4913434B601B4B0122D5
:104BFC001A60FDF7EDFC386108E0FDF7E9FC0246B0
:104C0C003B69D31A022B01D903233DE0114B1B68DE
:104C1C0003F00073002BF0D035E0104B00221A602B
:104C2C00FDF7D6FC386108E0FDF7D2FC02463B6983
:104C3C00D31A022B01D9032326E0064B1B6803F081
:104C4C000073002BF0D11EE07B68DB69012B07D1D0
:104C5C00012319E000100240007000406000424245
:104C6C000B4B5B68FB60FB6803F480327B681B6A50
:104C7C009A4206D1FB6803F470127B685B6A9A4215
:104C8C0001D0012300E0002318461837BD4680BD33
:104C9C000010024080B584B000AF786039607B684A
:104CAC00002B01D10123D0E06A4B1B6803F00703F2
:104CBC003A689A4210D9674B1B6823F00702654982
:104CCC003B6813430B60634B1B6803F007033A68A4
:104CDC009A4201D00123B8E07B681B6803F0020301
:104CEC00002B20D07B681B6803F00403002B05D03D
:104CFC00594B5B68584A43F4E06353607B681B680C
:104D0C0003F00803002B05D0534B5B68524A43F465
:104D1C0060535360504B5B6823F0F0027B689B68D8
:104D2C004D4913434B607B681B6803F00103002B58
:104D3C0040D07B685B68012B07D1474B1B6803F4A1
:104D4C000033002B15D101237FE07B685B68022BBD
:104D5C0007D1414B1B6803F00073002B09D10123D1
:104D6C0073E03D4B1B6803F00203002B01D10123C0
:104D7C006BE0394B5B6823F003027B685B68364958
:104D8C0013434B60FDF724FCF8600AE0FDF720FCB0
:104D9C000246FB68D31A41F28832934201D90323AD
:104DAC0053E02D4B5B6803F00C027B685B689B0047
:104DBC009A42EBD1274B1B6803F007033A689A42DF
:104DCC0010D2244B1B6823F0070222493B68134383
:104DDC000B60204B1B6803F007033A689A4201D022
:104DEC00012332E07B681B6803F00403002B08D01E
:104DFC00194B5B6823F4E0627B68DB68164913434C
:104E0C004B607B681B6803F00803002B09D0124B26
:104E1C005B6823F460527B681B69DB000E4913430B
:104E2C004B6000F021F802460B4B5B681B0903F04A
:104E3C000F030A49CB5C22FA03F3094A1360094BAE
:104E4C001B681846FDF782FB002318461037BD4639
:104E5C0080BD00BF0020024000100240BCC2000810
:104E6C00140000201800002080B487B000AF00238D
:104E7C00FB600023BB6000237B6100237B6000236D
:104E8C003B611E4B5B68FB60FB6803F00C03042B5F
:104E9C0002D0082B03D027E0194B3B6127E0FB68BD
:104EAC009B0C03F00F03174AD35C7B60FB6803F485
:104EBC008033002B10D0114B5B685B0C03F00103AB
:104ECC00114AD35CBB607B680D4A03FB02F2BB68E2
:104EDC00B2FBF3F37B6104E07B680C4A02FB03F347
:104EEC007B617B693B6102E0054B3B6100BF3B6929
:104EFC0018461C37BD4680BC704700BF00100240EE
:104F0C0000127A00D4C20008E4C2000800093D0077
:104F1C0080B400AF024B1B681846BD4680BC70477E
:104F2C001400002080B500AFFFF7F2FF0246054BDE
:104F3C005B681B0A03F007030349CB5C22FA03F3FB
:104F4C00184680BD00100240CCC2000880B500AFEE
:104F5C00FFF7DEFF0246054B5B68DB0A03F0070335
:104F6C000349CB5C22FA03F3184680BD00100240C3
:104F7C00CCC2000880B485B000AF78600A4B1B68C7
:104F8C000A4AA2FB03235B0A7A6802FB03F3FB6069
:104F9C0000BFFB685A1EFA60002BF9D100BF00BF9E
:104FAC001437BD4680BC704714000020D34D6210EE
:104FBC0080B586B000AF786000233B610023FB60B6
:104FCC007B681B6803F00103002B7DD00023FB756D
:104FDC004F4BDB6903F08053002B0DD14C4BDB693D
:104FEC004B4A43F08053D361494BDB6903F0805348
:104FFC00BB60BB680123FB75464B1B6803F48073D5
:10500C00002B18D1434B1B68424A43F48073136046
:10501C00FDF7DEFA386108E0FDF7DAFA02463B6983
:10502C00D31A642B01D903236DE03A4B1B6803F4AC
:10503C008073002BF0D0364B1B6A03F44073FB607B
:10504C00FB68002B2ED07B685B6803F44073FA6816
:10505C009A4227D02E4B1B6A23F44073FB602E4BD5
:10506C0001221A602C4B00221A60294AFB68136239
:10507C00FB6803F00103002B14D0FDF7A9FA38618B
:10508C000AE0FDF7A5FA02463B69D31A41F28832D1
:10509C00934201D9032336E01D4B1B6A03F0020334
:1050AC00002BEED01A4B1B6A23F440727B685B68B2
:1050BC00174913430B62FB7D012B05D1144BDB69A4
:1050CC00134A23F08053D3617B681B6803F00203FF
:1050DC00002B08D00E4B5B6823F440427B689B6826
:1050EC000B4913434B607B681B6803F01003002BC8
:1050FC0008D0074B5B6823F480027B68DB680449AB
:10510C0013434B60002318461837BD4680BD00BFC3
:10511C0000100240007000404004424280B582B052
:10512C0000AF78607B68002B01D1012341E07B68E4
:10513C0093F83D30DBB2002B06D17B68002283F85C
:10514C003C207868FDF724F87B68022283F83D2028
:10515C007B681A687B6804331946104600F05CFAC9
:10516C007B68012283F846207B68012283F83E206D
:10517C007B68012283F83F207B68012283F8402062
:10518C007B68012283F841207B68012283F842204E
:10519C007B68012283F843207B68012283F844203A
:1051AC007B68012283F845207B68012283F83D202F
:1051BC00002318460837BD4680BD000080B485B07A
:1051CC0000AF78607B6893F83D30DBB2012B01D0E7
:1051DC0001233AE07B68022283F83D207B681B6840
:1051EC00DA687B681B6842F00102DA607B681B6836
:1051FC00184A93420ED07B681B68B3F1804F09D0DC
:10520C007B681B68144A934204D07B681B68134A62
:10521C00934211D17B681B689B6803F00703FB600A
:10522C00FB68062B10D07B681B681A687B681B68B0
:10523C0042F001021A6007E07B681B681A687B6801
:10524C001B6842F001021A60002318461437BD4651
:10525C0080BC7047002C0140000400400008004056
:10526C0080B584B000AF78607B681B68DB68FB603E
:10527C007B681B681B69BB60BB6803F00203002BD7
:10528C0020D0FB6803F00203002B1BD07B681B684B
:10529C006FF002021A617B6801221A777B681B6827
:1052AC009B6903F00303002B03D0786800F098F996
:1052BC0005E0786800F08BF9786800F09AF97B6863
:1052CC0000221A77BB6803F00403002B20D0FB6884
:1052DC0003F00403002B1BD07B681B686FF00402E7
:1052EC001A617B6802221A777B681B689B6903F43E
:1052FC004073002B03D0786800F072F905E07868F1
:10530C0000F065F9786800F074F97B6800221A7770
:10531C00BB6803F00803002B20D0FB6803F00803E4
:10532C00002B1BD07B681B686FF008021A617B682E
:10533C0004221A777B681B68DB6903F00303002BDC
:10534C0003D0786800F04CF905E0786800F03FF97C
:10535C00786800F04EF97B6800221A77BB6803F07E
:10536C001003002B20D0FB6803F01003002B1BD084
:10537C007B681B686FF010021A617B6808221A7731
:10538C007B681B68DB6903F44073002B03D07868DF
:10539C0000F026F905E0786800F019F9786800F05B
:1053AC0028F97B6800221A77BB6803F00103002BF5
:1053BC000CD0FB6803F00103002B07D07B681B6843
:1053CC006FF001021A617868FCF756FBBB6803F0BA
:1053DC008003002B0CD0FB6803F08003002B07D05C
:1053EC007B681B686FF080021A61786800F07FFAA6
:1053FC00BB6803F04003002B0CD0FB6803F04003A8
:10540C00002B07D07B681B686FF040021A6178682C
:10541C0000F0F8F8BB6803F02003002B0CD0FB68FD
:10542C0003F02003002B07D07B681B686FF0200271
:10543C001A61786800F052FA00BF1037BD4680BD83
:10544C0080B584B000AF786039600023FB737B6853
:10545C0093F83C30012B01D10223B4E07B6801228C
:10546C0083F83C207B68022283F83D207B681B6814
:10547C009B68BB60BB6823F07703BB60BB6823F4FD
:10548C007F43BB607B681B68BA689A603B681B688B
:10549C00B3F5005F3ED0B3F5005F00F28780B3F543
:1054AC00805F00F08680B3F5805F7FD8702B1AD0B8
:1054BC00702B7BD8602B50D0602B77D8502B3CD0E6
:1054CC00502B73D8402B58D0402B6FD8302B64D036
:1054DC00302B6BD8202B60D0202B67D8002B5CD0C6
:1054EC00102B5AD062E07B6818683B6899683B685F
:1054FC005A683B68DB6800F074F97B681B689B6832
:10550C00BB60BB6843F07703BB607B681B68BA6801
:10551C009A604FE07B6818683B6899683B685A68EA
:10552C003B68DB6800F05DF97B681B689A687B68F8
:10553C001B6842F480429A603CE07B6818683B68C8
:10554C0059683B68DB681A4600F0D4F87B681B6826
:10555C005021184600F02BF92CE07B6818683B684A
:10556C0059683B68DB681A4600F0F2F87B681B68E8
:10557C006021184600F01BF91CE07B6818683B683A
:10558C0059683B68DB681A4600F0B4F87B681B6806
:10559C004021184600F00BF90CE07B681A683B6858
:1055AC001B681946104600F002F903E00123FB7357
:1055BC0000E000BF7B68012283F83D207B6800225D
:1055CC0083F83C20FB7B18461037BD4680BD80B469
:1055DC0083B000AF786000BF0C37BD4680BC70470D
:1055EC0080B483B000AF786000BF0C37BD4680BC80
:1055FC00704780B483B000AF786000BF0C37BD46F5
:10560C0080BC704780B483B000AF786000BF0C37AB
:10561C00BD4680BC7047000080B485B000AF786098
:10562C0039607B681B68FB607B682F4A93420BD008
:10563C007B68B3F1804F07D07B682C4A934203D030
:10564C007B682B4A934208D1FB6823F07003FB6004
:10565C003B685B68FA681343FB607B68224A9342A1
:10566C000BD07B68B3F1804F07D07B681F4A934205
:10567C0003D07B681E4A934208D1FB6823F4407325
:10568C00FB603B68DB68FA681343FB60FB6823F044
:10569C0080023B685B691343FB607B68FA681A60A5
:1056AC003B689A687B68DA623B681A687B689A6226
:1056BC007B680D4A934203D13B681A697B681A6375
:1056CC007B6801225A617B681B6903F00103002B84
:1056DC0005D07B681B6923F001027B681A6100BF4F
:1056EC001437BD4680BC7047002C014000040040BC
:1056FC000008004080B487B000AFF860B9607A60F1
:10570C00FB681B6A7B61FB681B6A23F00102FB6868
:10571C001A62FB689B693B613B6923F0F0033B61B8
:10572C007B681B013A6913433B617B6923F00A03D5
:10573C007B617A69BB6813437B61FB683A699A6148
:10574C00FB687A691A6200BF1C37BD4680BC704783
:10575C0080B487B000AFF860B9607A60FB681B6AF0
:10576C007B61FB681B6A23F01002FB681A62FB6802
:10577C009B693B613B6923F470433B617B681B0372
:10578C003A6913433B617B6923F0A0037B61BB68DF
:10579C001B017A6913437B61FB683A699A61FB6868
:1057AC007A691A6200BF1C37BD4680BC704780B452
:1057BC0085B000AF786039607B689B68FB60FB68E4
:1057CC0023F07003FB603A68FB68134343F0070354
:1057DC00FB607B68FA689A6000BF1437BD4680BCDA
:1057EC00704780B487B000AFF860B9607A603B60F6
:1057FC00FB689B687B617B6923F47F437B613B681F
:10580C001A027B681A43BB6813437A6913437B61A2
:10581C00FB687A699A6000BF1C37BD4680BC704734
:10582C0080B485B000AF786039607B6893F83C3009
:10583C00012B01D1022346E07B68012283F83C2036
:10584C007B68022283F83D207B681B685B68FB60E9
:10585C007B681B689B68BB60FB6823F07003FB6074
:10586C003B681B68FA681343FB607B681B68FA682B
:10587C005A607B681B68164A93420ED07B681B6883
:10588C00B3F1804F09D07B681B68124A934204D055
:10589C007B681B68104A93420CD1BB6823F08003D1
:1058AC00BB603B685B68BA681343BB607B681B6872
:1058BC00BA689A607B68012283F83D207B680022DD
:1058CC0083F83C20002318461437BD4680BC704733
:1058DC00002C0140000400400008004080B483B05C
:1058EC0000AF786000BF0C37BD4680BC704780B4F9
:1058FC0083B000AF786000BF0C37BD4680BC7047EA
:10590C0080B582B000AF78607B68002B01D1012399
:10591C0042E07B6893F84130DBB2002B06D17B6808
:10592C00002283F840207868FCF758FC7B6824221E
:10593C0083F841207B681B68DA687B681B6822F45B
:10594C000052DA60786800F0B7FD7B681B681A6952
:10595C007B681B6822F490421A617B681B685A6949
:10596C007B681B6822F02A025A617B681B68DA6824
:10597C007B681B6842F40052DA607B6800225A6430
:10598C007B68202283F841207B68202283F8422008
:10599C007B6800225A63002318460837BD4680BD39
:1059AC0080B58AB002AFF860B9603B601346FB80EB
:1059BC0000237B61FB6893F84130DBB2202B75D15F
:1059CC00BB68002B02D0FB88002B01D101236EE0B9
:1059DC00FB6800225A64FB68212283F84120FCF703
:1059EC00F7FD7861FB68FA889A84FB68FA88DA8498
:1059FC00FB689B68B3F5805F08D1FB681B69002BC3
:105A0C0004D10023FB61BB68BB6103E0BB68FB6195
:105A1C000023BB612EE03B6800937B690022802150
:105A2C00F86800F01CFB0346002B05D0FB68202215
:105A3C0083F8412003233AE0FB69002B0BD1BB69AF
:105A4C001B881A46FB681B68C2F308025A60BB69C4
:105A5C000233BB6107E0FB691A78FB681B685A606C
:105A6C00FB690133FB61FB68DB8C9BB2013B9AB297
:105A7C00FB68DA84FB68DB8C9BB2002BCBD13B68D8
:105A8C0000937B6900224021F86800F0E8FA034695
:105A9C00002B05D0FB68202283F84120032306E06D
:105AAC00FB68202283F84120002300E002231846E3
:105ABC002037BD4680BD80B584B000AFF860B960BA
:105ACC001346FB80FB6893F84230DBB2202B12D1DB
:105ADC00BB68002B02D0FB88002B01D101230BE00B
:105AEC00FB6800221A63FB881A46B968F86800F054
:105AFC000FFB034600E0022318461037BD4680BD5D
:105B0C0080B5BAB000AF78607B681B681B68C7F8BB
:105B1C00E4307B681B68DB68C7F8E0307B681B6887
:105B2C005B69C7F8DC300023C7F8D8300023C7F80E
:105B3C00D430D7F8E43003F00F03C7F8D830D7F8D7
:105B4C00D830002B0FD1D7F8E43003F02003002B12
:105B5C0009D0D7F8E03003F02003002B03D078688D
:105B6C0000F0ECFB5BE2D7F8D830002B00F0DE80C5
:105B7C00D7F8DC3003F00103002B06D1D7F8E03066
:105B8C0003F49073002B00F0D180D7F8E43003F0CD
:105B9C000103002B0BD0D7F8E03003F48073002BFB
:105BAC0005D07B685B6C43F001027B685A64D7F8C4
:105BBC00E43003F00403002B0BD0D7F8DC3003F0F7
:105BCC000103002B05D07B685B6C43F002027B6801
:105BDC005A64D7F8E43003F00203002B0BD0D7F84B
:105BEC00DC3003F00103002B05D07B685B6C43F0C9
:105BFC0004027B685A64D7F8E43003F00803002BE6
:105C0C0011D0D7F8E03003F02003002B05D1D7F8E2
:105C1C00DC3003F00103002B05D07B685B6C43F098
:105C2C0008027B685A647B685B6C002B00F0F28185
:105C3C00D7F8E43003F02003002B08D0D7F8E0307D
:105C4C0003F02003002B02D0786800F077FB7B6810
:105C5C001B685B6903F04003002B14BF0123002376
:105C6C00DBB2C7F8D4307B685B6C03F00803002B05
:105C7C0003D1D7F8D430002B4FD0786800F081FADC
:105C8C007B681B685B6903F04003002B41D07B6889
:105C9C001B681433C7F89C30D7F89C3053E8003F8E
:105CAC00C7F89830D7F8983023F04003C7F8D030B5
:105CBC007B681B681433D7F8D020C7F8A820C7F826
:105CCC00A430D7F8A410D7F8A82041E80023C7F8CF
:105CDC00A030D7F8A030002BD9D17B68DB6B002B20
:105CEC0013D07B68DB6B7E4A5A637B68DB6B184690
:105CFC00FCF7C0FD0346002B16D07B68DB6B5B6B9F
:105D0C007A68D26B104698470EE0786800F093F9E9
:105D1C000AE0786800F08FF906E0786800F08BF9FB
:105D2C007B6800225A6475E100BF73E17B681B6BD2
:105D3C00012B40F04F81D7F8E43003F01003002B17
:105D4C0000F04881D7F8E03003F01003002B00F08E
:105D5C0041810023BB607B681B681B68BB607B6850
:105D6C001B685B68BB60BB687B681B685B6903F086
:105D7C004003002B00F0B6807B68DB6B1B685B6814
:105D8C00A7F8BE30B7F8BE30002B00F045817B6819
:105D9C009B8DB7F8BE209A4280F03E817B68B7F8A5
:105DAC00BE20DA857B68DB6B9B69202B00F088803A
:105DBC007B681B680C33C7F88830D7F8883053E8F9
:105DCC00003FC7F88430D7F8843023F48073C7F8C9
:105DDC00B8307B681B680C33D7F8B820C7F8942010
:105DEC00C7F89030D7F89010D7F8942041E80023EA
:105DFC00C7F88C30D7F88C30002BD9D17B681B6856
:105E0C0014337B677B6F53E8003F3B673B6F23F09A
:105E1C000103C7F8B4307B681B681433D7F8B4207F
:105E2C00C7F88020FB67F96FD7F8802041E8002382
:105E3C00BB67BB6F002BE1D17B681B6814333B66DF
:105E4C003B6E53E8003FFB65FB6D23F04003C7F846
:105E5C00B0307B681B681433D7F8B020FA66BB6689
:105E6C00B96EFA6E41E800237B667B6E002BE3D1A2
:105E7C007B68202283F842207B6800221A637B68AF
:105E8C001B680C33FB64FB6C53E8003FBB64BB6CBE
:105E9C0023F01003C7F8AC307B681B680C33D7F8C1
:105EAC00AC20BA657B65796DBA6D41E800233B6522
:105EBC003B6D002BE3D17B68DB6B1846FCF79FFC3A
:105ECC007B6802225A637B689A8D7B68DB8D9BB260
:105EDC00D31A9BB21946786800F0B6F89CE000BF64
:105EEC00536200087B689A8D7B68DB8D9BB2D31A5A
:105EFC00A7F8CE307B68DB8D9BB2002B00F08E8038
:105F0C00B7F8CE30002B00F089807B681B680C330F
:105F1C00BB63BB6B53E8003F7B637B6B23F49073D9
:105F2C00C7F8C8307B681B680C33D7F8C8207A6474
:105F3C003B64396C7A6C41E80023FB63FB6B002BF0
:105F4C00E3D17B681B6814337B627B6A53E8003FA8
:105F5C003B623B6A23F00103C7F8C4307B681B68C3
:105F6C001433D7F8C4203A63FB62F96A3A6B41E800
:105F7C000023BB62BB6A002BE3D17B68202283F831
:105F8C0042207B6800221A637B681B680C333B61E0
:105F9C003B6953E8003FFB60FB6823F01003C7F834
:105FAC00C0307B681B680C33D7F8C020FA61BB612A
:105FBC00B969FA6941E800237B617B69002BE3D165
:105FCC007B6802225A63B7F8CE301946786800F025
:105FDC003BF823E0D7F8E43003F08003002B09D022
:105FEC00D7F8E03003F08003002B03D0786800F082
:105FFC003EF914E0D7F8E43003F04003002B0ED048
:10600C00D7F8E03003F04003002B08D0786800F09C
:10601C007DF904E000BF02E000BF00E000BFE837FC
:10602C00BD4680BD80B483B000AF786000BF0C3734
:10603C00BD4680BC704780B483B000AF786000BFB1
:10604C000C37BD4680BC704780B483B000AF78601D
:10605C000B467B8000BF0C37BD4680BC704780B5BB
:10606C0086B000AFF860B9603B601346FB713BE053
:10607C003B6AB3F1FF3F37D0FCF7AAFA02463B6804
:10608C00D31A3A6A9A4202D33B6A002B01D10323FA
:10609C003AE0FB681B68DB6803F00403002B23D099
:1060AC00BB68802B20D0BB68402B1DD0FB681B68C5
:1060BC001B6803F00803082B16D100237B61FB68D7
:1060CC001B681B687B61FB681B685B687B617B6979
:1060DC00F86800F056F8FB6808225A64FB68002246
:1060EC0083F8402001230FE0FB681B681A68BB682B
:1060FC001340BA689A420CBF01230023DBB21A4644
:10610C00FB799A42B4D0002318461837BD4680BD9F
:10611C0080B485B000AFF860B9601346FB80FB68B3
:10612C00BA689A62FB68FA889A85FB68FA88DA85FD
:10613C00FB6800225A64FB68222283F84220FB6829
:10614C001B69002B07D0FB681B68DA68FB681B68AF
:10615C0042F48072DA60FB681B685A69FB681B6842
:10616C0042F001025A61FB681B68DA68FB681B6825
:10617C0042F02002DA60002318461437BD4680BC7A
:10618C00704780B495B000AF78607B681B680C33A7
:10619C007B637B6B53E8003F3B633B6B23F4907357
:1061AC00FB647B681B680C33FA6C3A64FB63F96B19
:1061BC003A6C41E80023BB63BB6B002BE5D17B68D9
:1061CC001B6814333B623B6A53E8003FFB61FB697D
:1061DC0023F00103BB647B681B681433BA6CFA624E
:1061EC00BB62B96AFA6A41E800237B627B6A002BC6
:1061FC00E5D17B681B6B012B19D17B681B680C33B9
:10620C00FB60FB6853E8003FBB60BB6823F01003E6
:10621C007B647B681B680C337A6CBA617B6179692F
:10622C00BA6941E800233B613B69002BE5D17B68EF
:10623C00202283F842207B6800221A6300BF543767
:10624C00BD4680BC704780B584B000AF78607B6879
:10625C005B6AFB60FB680022DA85FB680022DA844B
:10626C00F868FFF7E8FE00BF1037BD4680BD80B46C
:10627C0085B000AF78607B6893F84130DBB2212B9E
:10628C003ED17B689B68B3F5805F14D17B681B693A
:10629C00002B10D17B681B6AFB60FB681B881A46BD
:1062AC007B681B68C2F308025A607B681B6A9A1CE5
:1062BC007B681A6208E07B681B6A591C7A68116259
:1062CC001A787B681B685A607B68DB8C9BB2013B3D
:1062DC009BB27A681946D184002B0FD17B681B685E
:1062EC00DA687B681B6822F08002DA607B681B68C6
:1062FC00DA687B681B6842F04002DA60002300E039
:10630C00022318461437BD4680BC704780B582B056
:10631C0000AF78607B681B68DA687B681B6822F0CA
:10632C004002DA607B68202283F841207868FFF70E
:10633C0079FE002318460837BD4680BD80B58CB069
:10634C0000AF78607B6893F84230DBB2222B40F0D0
:10635C00AE807B689B68B3F5805F17D17B681B6947
:10636C00002B13D10023FB627B689B6ABB627B68AA
:10637C001B685B689BB2C3F308039AB2BB6A1A80B2
:10638C007B689B6A9A1C7B689A6226E07B689B6A96
:10639C00FB620023BB627B689B68B3F5805F07D010
:1063AC007B689B68002B0AD17B681B69002B06D18C
:1063BC007B681B685B68DAB2FB6A1A7008E07B6862
:1063CC001B685B68DBB203F07F03DAB2FB6A1A70FE
:1063DC007B689B6A5A1C7B689A627B68DB8D9BB2DC
:1063EC00013B9BB27A681946D185002B5DD17B6845
:1063FC001B68DA687B681B6822F02002DA607B6815
:10640C001B68DA687B681B6822F48072DA607B6830
:10641C001B685A697B681B6822F001025A617B6811
:10642C00202283F842207B6800225A637B681B6B16
:10643C00012B35D17B6800221A637B681B680C33F7
:10644C007B617B6953E8003F3B613B6923F01003A0
:10645C007B627B681B680C337A6A3A62FB61F96970
:10646C003A6A41E80023BB61BB69002BE5D17B682C
:10647C001B681B6803F01003102B0AD10023FB6070
:10648C007B681B681B68FB607B681B685B68FB6038
:10649C00FB687B689B8D19467868FFF7D5FD02E099
:1064AC007868FBF7FFFA002302E0002300E00223E8
:1064BC0018463037BD4680BD80B584B000AF7860DB
:1064CC007B681B681B6923F440517B68DA687B6826
:1064DC001B680A431A617B689A687B681B691A43BC
:1064EC007B685B691343BB607B681B68DB6823F4C8
:1064FC00B05323F00C037A681268B9680B43D3606D
:10650C007B681B685B6923F440717B689A697B68C4
:10651C001B680A435A617B681B682C4A934203D15F
:10652C00FEF714FDF86002E0FEF7FCFCF860FA6878
:10653C0013469B0013449A001A447B685B689B00CB
:10654C00B2FBF3F3224AA2FB03235B091901FA689D
:10655C0013469B0013449A001A447B685B689B00AB
:10656C00B2FBF3F21A4BA3FB02035B09642000FBA2
:10657C0003F3D31A1B013233154AA2FB03235B0925
:10658C0003F0F0031944FA6813469B0013449A0075
:10659C001A447B685B689B00B2FBF3F20C4BA3FBC9
:1065AC0002035B09642000FB03F3D31A1B01323393
:1065BC00074AA2FB03235B0903F00F027B681B68ED
:1065CC000A449A6000BF1037BD4680BD00380140B8
:1065DC001F85EB5180B485B000AFF860384680E879
:1065EC000E00002318461437BD4680BC704780B49B
:1065FC0085B000AF78607B680022A3F844204FF48C
:10660C003F43FB60FB689AB27B68A3F840200023F1
:10661C0018461437BD4680BC704780B485B000AFB7
:10662C0078604FF43F43FB607B68B3F840309AB21C
:10663C00FB689BB2DB439BB213409AB27B68A3F816
:10664C004020002318461437BD4680BC704780B4E8
:10665C0083B000AF78600B46FB70002318460C37F4
:10666C00BD4680BC704780B485B000AFF86038463A
:10667C0080E80E00FB680122A3F84020FB68002292
:10668C00A3F84020FB680022A3F84420FB680022FA
:10669C00A3F85020002318461437BD4680BC704721
:1066AC0080B49DB000AF78603960002387F86F30FC
:1066BC007A683B681B789B0013441B889BB223F4BD
:1066CC00EC4323F07003A7F86C303B68DB78032BAA
:1066DC001FD801A252F823F0F566000811670008D4
:1066EC002767000803670008B7F86C3043F40073A1
:1066FC00A7F86C3012E0B7F86C3043F4C063A7F81D
:10670C006C300BE0B7F86C3043F48063A7F86C3056
:10671C0004E0012387F86F3000E000BF7A683B6823
:10672C001B789B001A44B7F86C3043F07F4343F45A
:10673C007F0343F4004343F080039BB213807A68D9
:10674C003B681B789B0013441B889BB223F4E043EB
:10675C0023F070039BB23A6812781343A7F86630A3
:10676C007A683B681B789B001A44B7F8663043F094
:10677C007F4343F47F0343F4004343F080039BB215
:10678C0013803B681B7B002B40F078813B685B7867
:10679C00002B00F084807B68BB617B68B3F85030C1
:1067AC009BB21A46BB691344BB613B681B781A0148
:1067BC00BB69134403F580637B613B68DB885B0832
:1067CC009BB25B009AB27B691A807A683B681B7833
:1067DC009B0013441B887B827B8A03F04003002BB5
:1067EC001BD07A683B681B789B0013441B889BB2B8
:1067FC0023F4E04323F070033B827A683B681B78F8
:10680C009B001A443B8A43F07F4343F47F0343F4D9
:10681C00004343F0C0039BB213803B68DB78012B31
:10682C0020D07A683B681B789B0013441B889BB272
:10683C0023F4E04323F04003BB81BB8983F02003A6
:10684C00BB817A683B681B789B001A44BB8943F078
:10685C007F4343F47F0343F4004343F080039BB234
:10686C001380D5E27A683B681B789B0013441B8825
:10687C009BB223F4E04323F04003FB817A683B682E
:10688C001B789B001A44FB8943F07F4343F47F033E
:10689C0043F4004343F080039BB21380B8E27B685F
:1068AC003B637B68B3F850309BB21A463B6B134486
:1068BC003B633B681B781A013B6B134403F5816304
:1068CC00FB623B68DB885B089BB25B009AB2FB6A9D
:1068DC001A807B68BB627B68B3F850309BB21A4657
:1068EC00BB6A1344BB623B681B781A01BB6A134436
:1068FC0003F20C437B627B6A1B889BB2C3F30903D4
:10690C009AB27B6A1A803B681B693E2B1DD93B6887
:10691C001B695B09BB663B681B6903F01F03002BFB
:10692C0002D1BB6E013BBB667B6A1B889AB2BB6E05
:10693C009BB29B029BB213439BB26FEA43436FEA39
:10694C0053439AB27B6A1A8026E03B681B69002B82
:10695C000AD17B6A1B889BB26FEA43436FEA5343AD
:10696C009AB27B6A1A8017E03B681B695B08BB66AE
:10697C003B681B6903F00103002B02D0BB6E013393
:10698C00BB667B6A1B889AB2BB6E9BB29B029BB2A6
:10699C0013439AB27B6A1A807A683B681B789B0017
:1069AC0013441B887B847B8C03F48043002B1BD00B
:1069BC007A683B681B789B0013441B889BB223F4BA
:1069CC00E04323F070033B847A683B681B789B00A0
:1069DC001A443B8C43F07F4343F47F0343F440431E
:1069EC0043F080039BB213803B681B78002B24D1AF
:1069FC007A683B681B789B0013441B889BB223F47A
:106A0C00804323F07003BB83BB8B83F48053BB8325
:106A1C00BB8B83F40053BB837A683B681B789B0069
:106A2C001A44BB8B43F07F4343F47F0343F400438E
:106A3C0043F080039BB21380EAE17A683B681B78D1
:106A4C009B0013441B889BB223F4804323F07003F8
:106A5C00FB83FB8B83F40053FB837A683B681B78C6
:106A6C009B001A44FB8B43F07F4343F47F0343F4B6
:106A7C00004343F080039BB21380C9E13B68DB7891
:106A8C00022B1ED17A683B681B789B0013441B8831
:106A9C009BB223F4E04323F07003A7F862307A68CA
:106AAC003B681B789B001A44B7F8623043F07F4375
:106ABC0043F47F0343F4014343F080039BB2138000
:106ACC001DE07A683B681B789B0013441B889BB2C3
:106ADC0023F4E24323F07003A7F864307A683B6830
:106AEC001B789B001A44B7F8643043F07F4343F49F
:106AFC007F0343F4004343F080039BB213807B6815
:106B0C00FB657B68B3F850309BB21A46FB6D13449F
:106B1C00FB653B681B781A01FB6D134403F580631E
:106B2C00BB653B681B895B089BB25B009AB2BB6D73
:106B3C001A807B687B657B68B3F850309BB21A4631
:106B4C007B6D13447B653B681B781A017B6D13448A
:106B5C0003F581633B653B685B895B089BB25B001B
:106B6C009AB23B6D1A803B685B78002B40F09380A7
:106B7C007A683B681B789B0013441B88A7F840304D
:106B8C00B7F8403003F48043002B1BD07A683B6885
:106B9C001B789B0013441B889BB223F4E04323F027
:106BAC007003FB877A683B681B789B001A44FB8F49
:106BBC0043F07F4343F47F0343F4404343F08003AB
:106BCC009BB213807A683B681B789B0013441B882C
:106BDC00BB87BB8F03F04003002B1BD07A683B684C
:106BEC001B789B0013441B889BB223F4E04323F0D7
:106BFC0070037B877A683B681B789B001A447B8FF9
:106C0C0043F07F4343F47F0343F4004343F0C0035A
:106C1C009BB213807A683B681B789B0013441B88DB
:106C2C009BB223F4804323F070033B873B8F83F4A8
:106C3C0080533B873B8F83F400533B877A683B68D8
:106C4C001B789B001A443B8F43F07F4343F47F0334
:106C5C0043F4004343F080039BB213807A683B6893
:106C6C001B789B0013441B889BB223F4E04323F056
:106C7C004003FB867A683B681B789B001A44FB8EAA
:106C8C0043F07F4343F47F0343F4004343F080031A
:106C9C009BB21380BCE07A683B681B789B00134462
:106CAC001B88A7F84E30B7F84E3003F48043002B06
:106CBC001DD07A683B681B789B0013441B889BB2E1
:106CCC0023F4E04323F07003A7F84C307A683B6858
:106CDC001B789B001A44B7F84C3043F07F4343F4C5
:106CEC007F0343F4404343F080039BB213807A68E4
:106CFC003B681B789B0013441B88A7F84A30B7F8F5
:106D0C004A3003F04003002B1DD07A683B681B7897
:106D1C009B0013441B889BB223F4E04323F07003C5
:106D2C00A7F848307A683B681B789B001A44B7F880
:106D3C00483043F07F4343F47F0343F4004343F074
:106D4C00C0039BB213803B68DB78012B24D07A689C
:106D5C003B681B789B0013441B889BB223F4E043D5
:106D6C0023F04003A7F84430B7F8443083F02003F5
:106D7C00A7F844307A683B681B789B001A44B7F834
:106D8C00443043F07F4343F47F0343F4004343F028
:106D9C0080039BB213801DE07A683B681B789B00D4
:106DAC0013441B889BB223F4E04323F04003A7F861
:106DBC0046307A683B681B789B001A44B7F846301B
:106DCC0043F07F4343F47F0343F4004343F08003D9
:106DDC009BB213807A683B681B789B0013441B881A
:106DEC009BB223F4804323F07003A7F842307A68F7
:106DFC003B681B789B001A44B7F8423043F07F4342
:106E0C0043F47F0343F4004343F080039BB21380AD
:106E1C0097F86F3018467437BD4680BC704700BF7A
:106E2C0080B48DB000AF786039603B681B7B002B61
:106E3C0040F08E803B685B78002B44D07A683B68CE
:106E4C001B789B0013441B88BB81BB8903F0400358
:106E5C00002B1BD07A683B681B789B0013441B8863
:106E6C009BB223F4E04323F070037B817A683B6888
:106E7C001B789B001A447B8943F07F4343F47F03C8
:106E8C0043F4004343F0C0039BB213807A683B6821
:106E9C001B789B0013441B889BB223F4E04323F024
:106EAC0040033B817A683B681B789B001A443B8902
:106EBC0043F07F4343F47F0343F4004343F08003E8
:106ECC009BB2138092E17A683B681B789B00134459
:106EDC001B887B827B8A03F48043002B1BD07A684F
:106EEC003B681B789B0013441B889BB223F4E04344
:106EFC0023F070033B827A683B681B789B001A4432
:106F0C003B8A43F07F4343F47F0343F4404343F015
:106F1C0080039BB213807A683B681B789B001344F8
:106F2C001B889BB223F4804323F07003FB817A68A7
:106F3C003B681B789B001A44FB8943F07F4343F466
:106F4C007F0343F4004343F080039BB213804DE175
:106F5C003B685B78002B40F0A5807A683B681B7817
:106F6C009B0013441B883B843B8C03F48043002B15
:106F7C001BD07A683B681B789B0013441B889BB220
:106F8C0023F4E04323F07003FB837A683B681B789F
:106F9C009B001A44FB8B43F07F4343F47F0343F481
:106FAC00404343F080039BB213807A683B681B78A4
:106FBC009B0013441B88BB83BB8B03F04003002B4B
:106FCC001BD07A683B681B789B0013441B889BB2D0
:106FDC0023F4E04323F070037B837A683B681B78CF
:106FEC009B001A447B8B43F07F4343F47F0343F4B1
:106FFC00004343F0C0039BB213807A683B681B7854
:10700C009B0013441B889BB223F4E04323F07003D2
:10701C003B837A683B681B789B001A443B8B43F09C
:10702C007F4343F47F0343F4004343F0C0039BB21C
:10703C0013807A683B681B789B0013441B889BB2B7
:10704C0023F4804323F07003FB827A683B681B783F
:10705C009B001A44FB8A43F07F4343F47F0343F4C1
:10706C00004343F080039BB213807A683B681B7823
:10707C009B0013441B889BB223F4E04323F0400392
:10708C00BB827A683B681B789B001A44BB8A43F02E
:10709C007F4343F47F0343F4004343F080039BB2EC
:1070AC001380A3E07A683B681B789B0013441B8811
:1070BC00FB85FB8D03F48043002B1BD07A683B6867
:1070CC001B789B0013441B889BB223F4E04323F0F2
:1070DC007003BB857A683B681B789B001A44BB8D98
:1070EC0043F07F4343F47F0343F4404343F0800376
:1070FC009BB213807A683B681B789B0013441B88F7
:10710C007B857B8D03F04003002B1BD07A683B689A
:10711C001B789B0013441B889BB223F4E04323F0A1
:10712C0070033B857A683B681B789B001A443B8D47
:10713C0043F07F4343F47F0343F4004343F0C00325
:10714C009BB213807A683B681B789B0013441B88A6
:10715C009BB223F4E04323F07003FB847A683B6812
:10716C001B789B001A44FB8C43F07F4343F47F0352
:10717C0043F4404343F080039BB213807A683B682E
:10718C001B789B0013441B889BB223F4E04323F031
:10719C004003BB847A683B681B789B001A44BB8C09
:1071AC0043F07F4343F47F0343F4004343F08003F5
:1071BC009BB213807A683B681B789B0013441B8836
:1071CC009BB223F4804323F070037B847A683B6882
:1071DC001B789B001A447B8C43F07F4343F47F0362
:1071EC0043F4004343F080039BB213800023184602
:1071FC003437BD4680BC704780B5C2B000AF07F5D0
:10720C008473A3F58273186007F58473A3F58473F4
:10721C00196007F58473A3F584731B685B78012BE5
:10722C0040F0B78607F58473A3F584731B689A69DD
:10723C0007F58473A3F584731B681B699A4208D9FC
:10724C0007F58473A3F584731B681B69C7F80431B5
:10725C0007E007F58473A3F584731B689B69C7F873
:10726C00043107F58473A3F584731B681B7B002B17
:10727C003AD107F58473A3F584731B68596907F534
:10728C008473A3F584731B68DA88D7F804319BB236
:10729C0007F58470A0F58270006801F09CFC07F57E
:1072AC008473A3F582731B683B6107F58473A3F5A4
:1072BC0082731B68B3F850309BB21A463B69134477
:1072CC003B6107F58473A3F584731B681B781A0163
:1072DC003B69134403F20443FB60D7F804319AB2C0
:1072EC00FB681A8000F01FBE07F58473A3F5847346
:1072FC001B68DB78022B40F0628407F58473A3F5DE
:10730C0084731B681A6A07F58473A3F584731B686E
:10731C001B699A4240F2DF8307F58473A3F58273ED
:10732C001A6807F58473A3F584731B681B789B009C
:10733C0013441B889BB223F4E04323F07003A7F89B
:10734C00563007F58473A3F582731A6807F58473B6
:10735C00A3F584731B681B789B001A44B7F856304E
:10736C0043F07F4343F47F0343F4014343F0800332
:10737C009BB2138007F58473A3F584731B681A6A98
:10738C00D7F80431D21A07F58473A3F584731B68FC
:10739C001A6207F58473A3F582731A6807F5847370
:1073AC00A3F584731B681B789B0013441B889BB24A
:1073BC0003F04003002B00F0C78107F58473A3F59D
:1073CC0082731B683B6307F58473A3F584731B6896
:1073DC005B78002B77D107F58473A3F582731B6858
:1073EC00BB6207F58473A3F582731B68B3F8503046
:1073FC009BB21A46BB6A1344BB6207F58473A3F5B0
:10740C0084731B681B781A01BB6A134403F20C4388
:10741C007B627B6A1B889BB2C3F309039AB27B6ABB
:10742C001A80D7F804313E2B21D9D7F804315B09E7
:10743C00C7F80031D7F8043103F01F03002B04D137
:10744C00D7F80031013BC7F800317B6A1B889AB230
:10745C00D7F800319BB29B029BB213439BB26FEAED
:10746C0043436FEA53439AB27B6A1A8050E0D7F8D1
:10747C000431002B0AD17B6A1B889BB26FEA434311
:10748C006FEA53439AB27B6A1A8041E0D7F8043111
:10749C005B08C7F80031D7F8043103F00103002B67
:1074AC0004D0D7F800310133C7F800317B6A1B8850
:1074BC009AB2D7F800319BB29B029BB213439AB29B
:1074CC007B6A1A8024E007F58473A3F584731B6828
:1074DC005B78012B1CD107F58473A3F582731B68B1
:1074EC00B3F850309BB21A463B6B13443B6307F521
:1074FC008473A3F584731B681B781A013B6B1344CC
:10750C0003F20C43FB62D7F804319AB2FB6A1A807F
:10751C0007F58473A3F584731B685B89A7F8763031
:10752C0007F58473A3F584731B685969D7F8043184
:10753C009BB2B7F8762007F58470A0F582700068CE
:10754C0001F049FB07F58473A3F584731B685A6932
:10755C00D7F804311A4407F58473A3F584731B68B8
:10756C005A6107F58473A3F584731B681A6A07F5CF
:10757C008473A3F584731B681B699A420FD907F5B2
:10758C008473A3F584731B681A6AD7F80431D21A72
:10759C0007F58473A3F584731B681A620EE007F574
:1075AC008473A3F584731B681B6AC7F8043107F551
:1075BC008473A3F584731B6800221A6207F5847325
:1075CC00A3F584731B685B78002B77D107F5847364
:1075DC00A3F582731B68BB6107F58473A3F58273F3
:1075EC001B68B3F850309BB21A46BB691344BB619D
:1075FC0007F58473A3F584731B681B781A01BB69A8
:10760C00134403F204437B617B691B889BB2C3F375
:10761C0009039AB27B691A80D7F804313E2B21D921
:10762C00D7F804315B09C7F8FC30D7F8043103F004
:10763C001F03002B04D1D7F8FC30013BC7F8FC30FA
:10764C007B691B889AB2D7F8FC309BB29B029BB229
:10765C0013439BB26FEA43436FEA53439AB27B697D
:10766C001A8056E0D7F80431002B0AD17B691B88AD
:10767C009BB26FEA43436FEA53439AB27B691A8019
:10768C0047E0D7F804315B08C7F8FC30D7F8043171
:10769C0003F00103002B04D0D7F8FC300133C7F8FA
:1076AC00FC307B691B889AB2D7F8FC309BB29B02EA
:1076BC009BB213439AB27B691A802AE007F5847354
:1076CC00A3F584731B685B78012B22D107F58473B7
:1076DC00A3F582731B683B6207F58473A3F5827371
:1076EC001B68B3F850309BB21A463B6A13443B629A
:1076FC0007F58473A3F584731B681B781A013B6A26
:10770C00134403F20443FB61D7F804319AB2FB69CA
:10771C001A8007F58473A3F584731B681B89A7F87B
:10772C00763007F58473A3F584731B685969D7F811
:10773C0004319BB2B7F8762007F58470A0F58270FF
:10774C00006801F048FAEEE307F58473A3F584733F
:10775C001B685B78002B77D107F58473A3F58273D4
:10776C001B68BB6407F58473A3F582731B68B3F8BD
:10777C0050309BB21A46BB6C1344BB6407F5847340
:10778C00A3F584731B681B781A01BB6C134403F2BA
:10779C0004437B647B6C1B889BB2C3F309039AB2D2
:1077AC007B6C1A80D7F804313E2B21D9D7F80431E1
:1077BC005B09C7F8F830D7F8043103F01F03002B2E
:1077CC0004D1D7F8F830013BC7F8F8307B6C1B8834
:1077DC009AB2D7F8F8309BB29B029BB213439BB280
:1077EC006FEA43436FEA53439AB27B6C1A8056E0BC
:1077FC00D7F80431002B0AD17B6C1B889BB26FEA43
:10780C0043436FEA53439AB27B6C1A8047E0D7F834
:10781C0004315B08C7F8F830D7F8043103F00103E2
:10782C00002B04D0D7F8F8300133C7F8F8307B6C54
:10783C001B889AB2D7F8F8309BB29B029BB21343C9
:10784C009AB27B6C1A802AE007F58473A3F58473D3
:10785C001B685B78012B22D107F58473A3F5827327
:10786C001B683B6507F58473A3F582731B68B3F83B
:10787C0050309BB21A463B6D13443B6507F584733D
:10788C00A3F584731B681B781A013B6D134403F238
:10789C000443FB64D7F804319AB2FB6C1A8007F5E9
:1078AC008473A3F584731B681B89A7F8763007F5DE
:1078BC008473A3F584731B685969D7F804319BB2A0
:1078CC00B7F8762007F58470A0F58270006801F097
:1078DC0082F907F58473A3F584731B685A69D7F88A
:1078EC0004311A4407F58473A3F584731B685A6139
:1078FC0007F58473A3F584731B681A6A07F5847300
:10790C00A3F584731B681B699A420FD907F584731E
:10791C00A3F584731B681A6AD7F80431D21A07F5D9
:10792C008473A3F584731B681A620EE007F58473E5
:10793C00A3F584731B681B6AC7F8043107F58473BD
:10794C00A3F584731B6800221A6207F58473A3F5F0
:10795C0082731B683B6407F58473A3F584731B68FF
:10796C005B78002B77D107F58473A3F582731B68C2
:10797C00BB6307F58473A3F582731B68B3F85030AF
:10798C009BB21A46BB6B1344BB6307F58473A3F518
:10799C0084731B681B781A01BB6B134403F20C43F2
:1079AC007B637B6B1B889BB2C3F309039AB27B6B23
:1079BC001A80D7F804313E2B21D9D7F804315B0952
:1079CC00C7F8F430D7F8043103F01F03002B04D1AF
:1079DC00D7F8F430013BC7F8F4307B6B1B889AB2B4
:1079EC00D7F8F4309BB29B029BB213439BB26FEA65
:1079FC0043436FEA53439AB27B6B1A8050E0D7F83B
:107A0C000431002B0AD17B6B1B889BB26FEA43437A
:107A1C006FEA53439AB27B6B1A8041E0D7F804317A
:107A2C005B08C7F8F430D7F8043103F00103002BDE
:107A3C0004D0D7F8F4300133C7F8F4307B6B1B88D3
:107A4C009AB2D7F8F4309BB29B029BB213439AB212
:107A5C007B6B1A8024E007F58473A3F584731B6891
:107A6C005B78012B1CD107F58473A3F582731B681B
:107A7C00B3F850309BB21A463B6C13443B6407F589
:107A8C008473A3F584731B681B781A013B6C134435
:107A9C0003F20C43FB63D7F804319AB2FB6B1A80E8
:107AAC0007F58473A3F584731B685B89A7F876309C
:107ABC0007F58473A3F584731B685969D7F80431EF
:107ACC009BB2B7F8762007F58470A0F58270006839
:107ADC0001F081F827E207F58473A3F584731B6822
:107AEC001B6AC7F8043107F58473A3F582731A680F
:107AFC0007F58473A3F584731B681B789B001344F0
:107B0C001B889BB223F4E24323F07003A7F8623086
:107B1C0007F58473A3F582731A6807F58473A3F5CC
:107B2C0084731B681B789B001A44B7F8623043F0CF
:107B3C007F4343F47F0343F4004343F080039BB241
:107B4C00138007F58473A3F582731B68FB6507F537
:107B5C008473A3F582731B68B3F850309BB21A463A
:107B6C00FB6D1344FB6507F58473A3F584731B68E5
:107B7C001B781A01FB6D134403F20443BB65D7F861
:107B8C0004319AB2BB6D1A8007F58473A3F5847324
:107B9C001B681B89A7F8763007F58473A3F58473EB
:107BAC001B685969D7F804319BB2B7F8762007F5F2
:107BBC008470A0F58270006801F00DF8B3E107F550
:107BCC008473A3F584731B681A6AD7F80431D21A2C
:107BDC0007F58473A3F584731B681A6207F5847325
:107BEC00A3F582731A6807F58473A3F584731B6875
:107BFC001B789B0013441B889BB203F04003002BA3
:107C0C0000F0C68007F58473A3F582731B683B678D
:107C1C0007F58473A3F584731B685B78002B77D10D
:107C2C0007F58473A3F582731B68BB6607F5847331
:107C3C00A3F582731B68B3F850309BB21A46BB6E27
:107C4C001344BB6607F58473A3F584731B681B7818
:107C5C001A01BB6E134403F20C437B667B6E1B88CC
:107C6C009BB2C3F309039AB27B6E1A80D7F8043126
:107C7C003E2B21D9D7F804315B09C7F8F030D7F87F
:107C8C00043103F01F03002B04D1D7F8F030013B73
:107C9C00C7F8F0307B6E1B889AB2D7F8F0309BB2E5
:107CAC009B029BB213439BB26FEA43436FEA53436D
:107CBC009AB27B6E1A8050E0D7F80431002B0AD1AF
:107CCC007B6E1B889BB26FEA43436FEA53439AB2B5
:107CDC007B6E1A8041E0D7F804315B08C7F8F030AE
:107CEC00D7F8043103F00103002B04D0D7F8F0309F
:107CFC000133C7F8F0307B6E1B889AB2D7F8F0309E
:107D0C009BB29B029BB213439AB27B6E1A8024E007
:107D1C0007F58473A3F584731B685B78012B1CD166
:107D2C0007F58473A3F582731B68B3F850309BB2CC
:107D3C001A463B6F13443B6707F58473A3F58473B2
:107D4C001B681B781A013B6F134403F20C43FB6650
:107D5C00D7F804319AB2FB6E1A8007F58473A3F539
:107D6C0084731B685B89A7F8763007F58473A3F5D9
:107D7C0084731B685969D7F804319BB2B7F8762025
:107D8C0007F58470A0F58270006800F024FFCAE04B
:107D9C0007F58473A3F584731B685B78002B77D18C
:107DAC0007F58473A3F582731B68FB6707F584736F
:107DBC00A3F582731B68B3F850309BB21A46FB6F65
:107DCC001344FB6707F58473A3F584731B681B7856
:107DDC001A01FB6F134403F20443BB67BB6F1B8890
:107DEC009BB2C3F309039AB2BB6F1A80D7F8043164
:107DFC003E2B21D9D7F804315B09C7F8EC30D7F802
:107E0C00043103F01F03002B04D1D7F8EC30013BF5
:107E1C00C7F8EC30BB6F1B889AB2D7F8EC309BB22A
:107E2C009B029BB213439BB26FEA43436FEA5343EB
:107E3C009AB2BB6F1A805CE0D7F80431002B0AD1E0
:107E4C00BB6F1B889BB26FEA43436FEA53439AB2F2
:107E5C00BB6F1A804DE0D7F804315B08C7F8EC30E3
:107E6C00D7F8043103F00103002B04D0D7F8EC3021
:107E7C000133C7F8EC30BB6F1B889AB2D7F8EC30E3
:107E8C009BB29B029BB213439AB2BB6F1A8030E039
:107E9C0007F58473A3F584731B685B78012B28D1D9
:107EAC0007F58473A3F582731B68C7F8843007F554
:107EBC008473A3F582731B68B3F850309BB21A46D7
:107ECC00D7F884301344C7F8843007F58473A3F5CE
:107EDC0084731B681B781A01D7F88430134403F29F
:107EEC000443C7F88030D7F804319AB2D7F8803001
:107EFC001A8007F58473A3F584731B681B89A7F894
:107F0C00763007F58473A3F584731B685969D7F829
:107F1C0004319BB2B7F8762007F58470A0F5827017
:107F2C00006800F058FE07F58473A3F582731A6895
:107F3C0007F58473A3F584731B681B789B001344AB
:107F4C001B889BB223F4E04323F040037B817B89A5
:107F5C0083F010037B817B8983F020037B8107F501
:107F6C008473A3F582731A6807F58473A3F584737D
:107F7C001B681B789B001A447B8943F07F4343F4B6
:107F8C007F0343F4004343F080039BB2138000F063
:107F9C00DEBC07F58473A3F584731B681B7B002B75
:107FAC0040F0BB8007F58473A3F584731B689A6952
:107FBC0007F58473A3F584731B681B699A4217D960
:107FCC0007F58473A3F584731B681B69C7F8043128
:107FDC0007F58473A3F584731B689A69D7F8043189
:107FEC00D21A07F58473A3F584731B689A610EE0AB
:107FFC0007F58473A3F584731B689B69C7F8043178
:10800C0007F58473A3F584731B6800229A6107F546
:10801C008473A3F582731B68C7F8903007F58473DB
:10802C00A3F582731B68B3F850309BB21A46D7F88D
:10803C0090301344C7F8903007F58473A3F584731C
:10804C001B681B781A01D7F89030134403F20C43C9
:10805C00C7F88C30D7F88C301B889BB2C3F309035C
:10806C009AB2D7F88C301A80D7F804313E2B24D929
:10807C00D7F804315B09C7F8E830D7F8043103F0BE
:10808C001F03002B04D1D7F8E830013BC7F8E830C8
:10809C00D7F88C301B889AB2D7F8E8309BB29B0289
:1080AC009BB213439BB26FEA43436FEA53439AB2BA
:1080BC00D7F88C301A8000F010BCD7F80431002BA4
:1080CC000CD1D7F88C301B889BB26FEA43436FEA14
:1080DC0053439AB2D7F88C301A80FEE3D7F80431A8
:1080EC005B08C7F8E830D7F8043103F00103002B24
:1080FC0004D0D7F8E8300133C7F8E830D7F88C3023
:10810C001B889AB2D7F8E8309BB29B029BB2134300
:10811C009AB2D7F88C301A80DFE307F58473A3F595
:10812C0084731B68DB78022B40F0188207F584738C
:10813C00A3F584731B685B78002B40F09D8007F5DA
:10814C008473A3F582731B68C7F8AC3007F584738E
:10815C00A3F582731B68B3F850309BB21A46D7F85C
:10816C00AC301344C7F8AC3007F58473A3F58473B3
:10817C001B681B781A01D7F8AC30134403F2044384
:10818C00C7F8A830D7F8A8301B889BB2C3F30903F3
:10819C009AB2D7F8A8301A8007F58473A3F58473C4
:1081AC001B681B693E2B2BD907F58473A3F58473CD
:1081BC001B681B695B09C7F8E43007F58473A3F5EA
:1081CC0084731B681B6903F01F03002B04D1D7F8C1
:1081DC00E430013BC7F8E430D7F8A8301B889AB2DA
:1081EC00D7F8E4309BB29B029BB213439BB26FEA6D
:1081FC0043436FEA53439AB2D7F8A8301A8070E021
:10820C0007F58473A3F584731B681B69002B0CD1D1
:10821C00D7F8A8301B889BB26FEA43436FEA5343ED
:10822C009AB2D7F8A8301A805BE007F58473A3F5EF
:10823C0084731B681B695B08C7F8E43007F584730B
:10824C00A3F584731B681B6903F00103002B04D096
:10825C00D7F8E4300133C7F8E430D7F8A8301B88DE
:10826C009AB2D7F8E4309BB29B029BB213439AB2FA
:10827C00D7F8A8301A8034E007F58473A3F584731B
:10828C001B685B78012B2CD107F58473A3F58273E3
:10829C001B68C7F8B43007F58473A3F582731B68A9
:1082AC00B3F850309BB21A46D7F8B4301344C7F821
:1082BC00B43007F58473A3F584731B681B781A011B
:1082CC00D7F8B430134403F20443C7F8B03007F5C1
:1082DC008473A3F584731B681B699AB2D7F8B0300A
:1082EC001A8007F58473A3F582731B68C7F8A43052
:1082FC0007F58473A3F584731B685B78002B40F03F
:10830C009D8007F58473A3F582731B68C7F89C30B6
:10831C0007F58473A3F582731B68B3F850309BB2D6
:10832C001A46D7F89C301344C7F89C3007F5847371
:10833C00A3F584731B681B781A01D7F89C3013447F
:10834C0003F20C43C7F89830D7F898301B889BB2CF
:10835C00C3F309039AB2D7F898301A8007F58473DF
:10836C00A3F584731B681B693E2B2BD907F584730B
:10837C00A3F584731B681B695B09C7F8E03007F52C
:10838C008473A3F584731B681B6903F01F03002B14
:10839C0004D1D7F8E030013BC7F8E030D7F898307B
:1083AC001B889AB2D7F8E0309BB29B029BB2134366
:1083BC009BB26FEA43436FEA53439AB2D7F89830B3
:1083CC001A8069E007F58473A3F584731B681B6935
:1083DC00002B0CD1D7F898301B889BB26FEA434323
:1083EC006FEA53439AB2D7F898301A8054E007F5E5
:1083FC008473A3F584731B681B695B08C7F8E030B2
:10840C0007F58473A3F584731B681B6903F00103E0
:10841C00002B04D0D7F8E0300133C7F8E030D7F8A0
:10842C0098301B889AB2D7F8E0309BB29B029BB273
:10843C0013439AB2D7F898301A802DE007F584735D
:10844C00A3F584731B685B78012B25D107F5847326
:10845C00A3F582731B68B3F850309BB21A46D7F859
:10846C00A4301344C7F8A43007F58473A3F58473C0
:10847C001B681B781A01D7F8A430134403F20C4381
:10848C00C7F8A03007F58473A3F584731B681B69C8
:10849C009AB2D7F8A0301A8007F58473A3F58473C9
:1084AC001B68DB69002B00F0188207F58473A3F5B9
:1084BC0082731A6807F58473A3F584731B681B78A1
:1084CC009B0013441B88A7F89630B7F8963003F43A
:1084DC008043002B05D0B7F8963003F04003002BF7
:1084EC000DD1B7F8963003F48043002B40F0F581A2
:1084FC00B7F8963003F04003002B40F0EE8107F5FF
:10850C008473A3F582731A6807F58473A3F58473D7
:10851C001B681B789B0013441B889BB223F4E0431D
:10852C0023F07003A7F8943007F58473A3F58273D6
:10853C001A6807F58473A3F584731B681B789B007A
:10854C001A44B7F8943043F07F4343F47F0343F469
:10855C00004343F0C0039BB21380BEE107F5847364
:10856C00A3F584731B68DB78012B40F0B48107F50D
:10857C008473A3F584731B689A6907F58473A3F558
:10858C0084731B681B699A4217D907F58473A3F58A
:10859C0084731B681B69C7F8043107F58473A3F552
:1085AC0084731B689A69D7F80431D21A07F584735F
:1085BC00A3F584731B689A610EE007F58473A3F529
:1085CC0084731B689B69C7F8043107F58473A3F5A2
:1085DC0084731B6800229A6107F58473A3F5847376
:1085EC001B685B78002B40F0858007F58473A3F53E
:1085FC0082731B68C7F8CC3007F58473A3F58273BC
:10860C001B68B3F850309BB21A46D7F8CC301344E1
:10861C00C7F8CC3007F58473A3F584731B681B78FB
:10862C001A01D7F8CC30134403F20443C7F8C8300E
:10863C00D7F8C8301B889BB2C3F309039AB2D7F89A
:10864C00C8301A80D7F804313E2B23D9D7F804311F
:10865C005B09C7F8DC30D7F8043103F01F03002B9B
:10866C0004D1D7F8DC30013BC7F8DC30D7F8C83080
:10867C001B889AB2D7F8DC309BB29B029BB2134397
:10868C009BB26FEA43436FEA53439AB2D7F8C830B0
:10869C001A8060E0D7F80431002B0CD1D7F8C83021
:1086AC001B889BB26FEA43436FEA53439AB2D7F8E5
:1086BC00C8301A804FE0D7F804315B08C7F8DC30BB
:1086CC00D7F8043103F00103002B04D0D7F8DC30C9
:1086DC000133C7F8DC30D7F8C8301B889AB2D7F80A
:1086EC00DC309BB29B029BB213439AB2D7F8C830D2
:1086FC001A8030E007F58473A3F584731B685B78EC
:10870C00012B28D107F58473A3F582731B68C7F876
:10871C00D43007F58473A3F582731B68B3F850301B
:10872C009BB21A46D7F8D4301344C7F8D43007F5A7
:10873C008473A3F584731B681B781A01D7F8D430A3
:10874C00134403F20443C7F8D030D7F804319AB27B
:10875C00D7F8D0301A8007F58473A3F582731B68A1
:10876C00C7F8C43007F58473A3F584731B685B7872
:10877C00002B40F0858007F58473A3F582731B688A
:10878C00C7F8BC3007F58473A3F582731B68B3F884
:10879C0050309BB21A46D7F8BC301344C7F8BC30E3
:1087AC0007F58473A3F584731B681B781A01D7F83B
:1087BC00BC30134403F20C43C7F8B830D7F8B830C8
:1087CC001B889BB2C3F309039AB2D7F8B8301A804E
:1087DC00D7F804313E2B23D9D7F804315B09C7F8FD
:1087EC00D830D7F8043103F01F03002B04D1D7F88D
:1087FC00D830013BC7F8D830D7F8B8301B889AB2BC
:10880C00D7F8D8309BB29B029BB213439BB26FEA52
:10881C0043436FEA53439AB2D7F8B8301A805CE0FE
:10882C00D7F80431002B0CD1D7F8B8301B889BB289
:10883C006FEA43436FEA53439AB2D7F8B8301A80C1
:10884C004BE0D7F804315B08C7F8D830D7F80431BF
:10885C0003F00103002B04D0D7F8D8300133C7F84C
:10886C00D830D7F8B8301B889AB2D7F8D8309BB22A
:10887C009B029BB213439AB2D7F8B8301A802CE003
:10888C0007F58473A3F584731B685B78012B24D1E3
:10889C0007F58473A3F582731B68B3F850309BB251
:1088AC001A46D7F8C4301344C7F8C43007F584739C
:1088BC00A3F584731B681B781A01D7F8C4301344D2
:1088CC0003F20C43C7F8C030D7F804319AB2D7F88A
:1088DC00C0301A8001E001233AE007F58473A3F558
:1088EC0082731A6807F58473A3F584731B681B786D
:1088FC009B0013441B889BB223F4804323F070032A
:10890C00A7F88A30B7F88A3083F48053A7F88A30F6
:10891C00B7F88A3083F40053A7F88A3007F58473CC
:10892C00A3F582731A6807F58473A3F584731B6827
:10893C001B789B001A44B7F88A3043F07F4343F40A
:10894C007F0343F4004343F080039BB21380002366
:10895C00184607F58477BD4680BD80B485B000AF5E
:10896C00786039603B685B78002B20D07A683B6874
:10897C001B789B0013441B889BB223F4E04323F029
:10898C004003BB81BB8983F01003BB817A683B68D1
:10899C001B789B001A44BB8943F07F4343F47F034D
:1089AC0043F4004343F080039BB213801FE07A68CA
:1089BC003B681B789B0013441B889BB223F48043B9
:1089CC0023F07003FB81FB8983F48053FB817A686D
:1089DC003B681B789B001A44FB8943F07F4343F4AC
:1089EC007F0343F4004343F080039BB213800023C6
:1089FC0018461437BD4680BC704780B487B000AFB2
:108A0C00786039603B681B7B002B40F09D803B6895
:108A1C005B78002B4CD07A683B681B789B00134426
:108A2C001B883B823B8A03F04003002B1BD07A68E7
:108A3C003B681B789B0013441B889BB223F4E043D8
:108A4C0023F07003FB817A683B681B789B001A4407
:108A5C00FB8943F07F4343F47F0343F4004343F02B
:108A6C00C0039BB213803B68DB78012B6CD07A6817
:108A7C003B681B789B0013441B889BB223F4E04398
:108A8C0023F04003BB81BB8983F02003BB817A6850
:108A9C003B681B789B001A44BB8943F07F4343F42B
:108AAC007F0343F4004343F080039BB213804BE0FD
:108ABC007A683B681B789B0013441B88FB82FB8AFB
:108ACC0003F48043002B1BD07A683B681B789B0017
:108ADC0013441B889BB223F4E04323F07003BB8246
:108AEC007A683B681B789B001A44BB8A43F07F432F
:108AFC0043F47F0343F4404343F080039BB2138061
:108B0C007A683B681B789B0013441B889BB223F448
:108B1C00804323F070037B827B8A83F480537B82B7
:108B2C007B8A83F400537B827A683B681B789B00BA
:108B3C001A447B8A43F07F4343F47F0343F400439E
:108B4C0043F080039BB21380002318461C37BD46AC
:108B5C0080BC704780B483B000AF78600B46FB706C
:108B6C00FB78002B03D17B688022A3F84C200023D8
:108B7C0018460C37BD4680BC704780B483B000AF3C
:108B8C007860002318460C37BD4680BC704780B413
:108B9C0083B000AF7860002318460C37BD4680BC0C
:108BAC00704780B485B000AF78607B68B3F8443010
:108BBC009BB2FB60FB6818461437BD4680BC7047FF
:108BCC0080B483B000AF78603960002318460C374E
:108BDC00BD4680BC704780B48BB000AFF860B96004
:108BEC0011461A460B46FB801346BB80BB880133EB
:108BFC005B08BB61FB687B61BB68FB61FB885A004F
:108C0C007B69134403F580633B62BB697B621FE0A5
:108C1C00FB691B787B82FB6901331B781BB21B023F
:108C2C001AB2B7F9123013431BB27B823B6A7A8AB1
:108C3C001A803B6A02333B623B6A02333B62FB693C
:108C4C000133FB61FB690133FB617B6A013B7B6296
:108C5C007B6A002BDCD100BF00BF2C37BD4680BC2B
:108C6C00704780B48BB000AFF860B96011461A46FB
:108C7C000B46FB801346BB80BB885B089BB2BB6179
:108C8C00FB687B61BB68FB61FB885A007B69134402
:108C9C0003F580633B62BB697B621BE03B6A1B880C
:108CAC009BB23B613B6A02333B623B69DAB2FB69C4
:108CBC001A70FB690133FB613B691B0ADAB2FB6971
:108CCC001A70FB690133FB613B6A02333B627B6ABE
:108CDC00013B7B627B6A002BE0D1BB8803F0010374
:108CEC009BB2002B07D03B6A1B889BB23B613B6954
:108CFC00DAB2FB691A7000BF2C37BD4680BC7047D6
:108D0C0080B584B000AF78600B46FB700023FB731A
:108D1C007B681B7C002B15D14FF400730222812140
:108D2C00786801F0E0FE7B680122DA624FF4007390
:108D3C0002220121786801F0D6FE7B680122C3F87B
:108D4C006C2112E0402302228121786801F0CBFED5
:108D5C007B680122DA62402302220121786801F04B
:108D6C00C2FE7B680122C3F86C21082303228221F6
:108D7C00786801F0B8FE7B6801221A644FF4077022
:108D8C0001F0D8FF02467B68C3F8B8227B68D3F8A1
:108D9C00B832002B02D10123FB7326E07B68D3F899
:108DAC00B832BB607B68D3F8BC321B689847BB6891
:108DBC000022C3F81422BB680022C3F818227B6877
:108DCC001B7C002B09D1BB68D3F804224FF4007331
:108DDC000121786801F077FF07E0BB68D3F8042223
:108DEC0040230121786801F06EFFFB7B1846103799
:108DFC00BD4680BD80B584B000AF78600B46FB707B
:108E0C000023FB738121786801F093FE7B680022BC
:108E1C00DA620121786801F08CFE7B680022C3F8CD
:108E2C006C218221786801F084FE7B6800221A6430
:108E3C007B68D3F8B832002B0ED07B68D3F8BC32E9
:108E4C005B6898477B68D3F8B832184601F07EFF10
:108E5C007B680022C3F8B822FB7B18461037BD464E
:108E6C0080BD80B586B000AF786039607B68D3F880
:108E7C00B8323B610023FB730023BB810023FB75DD
:108E8C003B681B7803F06003002B39D0202B7FD17B
:108E9C003B68DB88002B29D03B681B785BB2002B2E
:108EAC0011DA7B68D3F8BC329B683A685078396920
:108EBC003A68D288984739693B68DB881A467868E3
:108ECC0001F006FA6BE03B685A783B6983F80022A4
:108EDC003B68DB88DAB23B6983F8012239693B686D
:108EEC00DB881A46786801F021FA58E07B68D3F8E1
:108EFC00BC329B683A6850780022396898474EE03B
:108F0C003B685B780B2B2ED00B2B38DC002B02D064
:108F1C000A2B14D033E07B6893F89C32032B07D1D7
:108F2C0007F10C0302221946786801F0D1F92EE002
:108F3C003968786801F062F90223FB7527E07B68D9
:108F4C0093F89C32032B07D107F10F03012219462A
:108F5C00786801F0BDF91AE03968786801F04EF9CB
:108F6C000223FB7513E07B6893F89C32032B0DD026
:108F7C003968786801F042F90223FB7506E039681C
:108F8C00786801F03BF90223FB7500E000BF06E0B6
:108F9C003968786801F032F90223FB7500BFFB7D5C
:108FAC0018461837BD4680BD80B584B000AF7860D8
:108FBC000B46FB707B68D3F8B832FB607B68D3F848
:108FCC00C032BB607B68D3F8B832002B3AD0FA7849
:108FDC00796813469B0013449B000B441C331B689D
:108FEC00002B29D0FA78796813469B0013449B0018
:108FFC000B441C331A68F978B8680B469B000B4479
:10900C00DB00034420331B68B2FBF3F101FB03F3D9
:10901C00D31A002B10D1FA78796813469B001344AD
:10902C009B000B441C3300221A60F97800230022A9
:10903C00786801F025FE03E0FB680022C3F81422D7
:10904C00002300E0022318461037BD4680BD80B5D2
:10905C0084B000AF78600B46FB707B68D3F8B832F5
:10906C00FB60FB781946786801F050FE0246FB68FD
:10907C00C3F80C227B68D3F8B832002B0DD07B6878
:10908C00D3F8BC32DB68FA68D2F80402FA6802F54D
:10909C00037211469847002300E00223184610374C
:1090AC00BD4680BD80B584B000AF78607B68D3F8D6
:1090BC00B832FB607B68D3F8BC32002B14D0FB6851
:1090CC0093F80032FF2B0FD07B68D3F8BC329B682F
:1090DC00FA6892F80002F968FA6892F80122984747
:1090EC00FB68FF2283F80022002318461037BD4688
:1090FC0080BD000080B483B000AF78607B684322F1
:10910C001A80034B18460C37BD4680BC704700BF15
:10911C00A800002080B483B000AF78607B68432245
:10912C001A80034B18460C37BD4680BC704700BFF5
:10913C006400002080B483B000AF78607B68432269
:10914C001A80034B18460C37BD4680BC704700BFD5
:10915C00EC00002080B483B000AF78607B680A22FA
:10916C001A80034B18460C37BD4680BC704700BFB5
:10917C002000002080B485B000AF786039600223F5
:10918C00FB733B68002B05D07B683A68C3F8BC22A4
:10919C000023FB73FB7B18461437BD4680BC70471D
:1091AC0080B487B000AFF860B9601346FB80FB68F1
:1091BC00D3F8B8327B617B69BA68C3F80822FA88A5
:1091CC007B69C3F81022002318461C37BD4680BCAF
:1091DC00704780B485B000AF786039607B68D3F895
:1091EC00B832FB60FB683A68C3F8042200231846C7
:1091FC001437BD4680BC704780B584B000AF786032
:10920C007B68D3F8B832FB607B68D3F8B832002B9C
:10921C001CD0FB68D3F81432002B15D1FB6801224B
:10922C00C3F81422FB68D3F810227B681A63FB681E
:10923C00D3F80822FB68D3F810329BB281217868EE
:10924C0001F01EFD002302E0012300E0022318467A
:10925C001037BD4680BD80B584B000AF78607B68A8
:10926C00D3F8B832FB607B68D3F8B832002B17D038
:10927C007B681B7C002B09D1FB68D3F804224FF4CC
:10928C0000730121786801F01EFD07E0FB68D3F83C
:10929C00042240230121786801F015FD002300E031
:1092AC00022318461037BD4680BD80B584B000AF90
:1092BC00F860B9601346FB71FB68002B01D10223E7
:1092CC001AE0FB68D3F8B432002B03D0FB68002201
:1092DC00C3F8B422BB68002B03D0FB68BA68C3F890
:1092EC00B022FB68012283F89C22FB68FA791A7081
:1092FC00F86801F083FB002318461037BD4680BD8B
:10930C0080B485B000AF786039600023FB733B6894
:10931C00002B06D07B683A68C3F8B4220023FB7399
:10932C0001E00223FB73FB7B18461437BD4680BC5F
:10933C00704780B582B000AF7860786801F0B8FBF8
:10934C00002318460837BD4680BD80B483B000AFFB
:10935C007860002318460C37BD4680BC704780B53A
:10936C0084B000AF78600B46FB700223FB737B6804
:10937C00D3F8B432002B0CD07B68D3F8B4321B6812
:10938C00FA781146786898470346002B01D10023E0
:10939C00FB73FB7B18461037BD4680BD80B582B091
:1093AC0000AF78600B46FB707B68D3F8B4325B6817
:1093BC00FA78114678689847002318460837BD4656
:1093CC0080BD80B582B000AF786039607B6803F5F2
:1093DC002A733968184600F0D8FE7B680122C3F85E
:1093EC0094227B68B3F8AE321A467B68C3F8982295
:1093FC007B6893F8A83203F01F03022B16D0022BC4
:10940C001CD8002B02D0012B08D017E07B6803F589
:10941C002A731946786800F0CBF91AE07B6803F5DB
:10942C002A731946786800F02DFA12E07B6803F570
:10943C002A731946786800F06DFA0AE07B6893F895
:10944C00A83223F07F03DBB21946786801F090FB59
:10945C0000BF002318460837BD4680BD80B586B0D6
:10946C0000AFF8600B467A60FB72FB7A002B4BD195
:10947C00FB6803F5AA737B61FB68D3F89432032B6A
:10948C0034D17B69DA687B691B699A4219D97B698B
:10949C00DA687B691B69D21A7B69DA607B69DA68E6
:1094AC007B691B699A4203D27B69DB689BB202E041
:1094BC007B691B699BB21A467968F86800F054FF07
:1094CC0038E0FB68D3F8B4321B69002B0AD0FB6878
:1094DC0093F89C32032B05D1FB68D3F8B4321B698B
:1094EC00F8689847F86800F051FF23E0FB68D3F860
:1094FC009432052B1ED1FB680022C3F89422002164
:10950C00F86801F035FB15E0FB68D3F8B4329B69C1
:10951C00002B0DD0FB6893F89C32032B08D1FB6811
:10952C00D3F8B4329B69FA7A1146F868984701E08F
:10953C00022300E0002318461837BD4680BD80B5D5
:10954C0086B000AFF8600B467A60FB72FB7A002B9A
:10955C007FD1FB6814337B61FB68D3F89432022B08
:10956C005CD17B69DA687B691B699A4215D97B6986
:10957C00DA687B691B69D21A7B69DA607B69DB6804
:10958C009BB21A467968F86800F0BEFE00230022F0
:10959C000021F86801F097FB4EE07B699B687A69C3
:1095AC001269B3FBF2F101FB02F29B1A002B1CD1E6
:1095BC007B699A687B691B699A4216D37B699A68A6
:1095CC00FB68D3F898329A420FD200220021F86837
:1095DC0000F09AFEFB680022C3F8982200230022B8
:1095EC000021F86801F06FFB26E0FB68D3F8B43279
:1095FC00DB68002B0AD0FB6893F89C32032B05D157
:10960C00FB68D3F8B432DB68F86898478021F868B7
:10961C0001F0AEFAF86800F0CCFE0DE0FB68D3F870
:10962C009432042B04D0FB68D3F89432002B03D172
:10963C008021F86801F09CFAFB6893F8A032012BAA
:10964C001DD1F868FFF781FEFB68002283F8A02289
:10965C0015E0FB68D3F8B4325B69002B0DD0FB68C6
:10966C0093F89C32032B08D1FB68D3F8B4325B69B6
:10967C00FA7A1146F868984701E0022300E00023CB
:10968C0018461837BD4680BD80B582B000AF7860F3
:10969C00402300220021786801F025FA7B68012222
:1096AC00C3F858217B684022C3F864214023002270
:1096BC008021786801F017FA7B6801229A617B6837
:1096CC0040225A627B68012283F89C227B6800222C
:1096DC00C3F894227B6800225A607B680022C3F88E
:1096EC00A4227B68D3F8B832002B09D07B68D3F85E
:1096FC00B4325B687A685268D2B21146786898477F
:10970C00002318460837BD4680BD80B483B000AF37
:10971C0078600B46FB707B68FA781A740023184645
:10972C000C37BD4680BC704780B483B000AF786006
:10973C007B6893F89C227B6883F89D227B680422CB
:10974C0083F89C22002318460C37BD4680BC70471A
:10975C0080B483B000AF78607B6893F89C32042BA4
:10976C0005D17B6893F89D227B6883F89C220023AB
:10977C0018460C37BD4680BC704780B582B000AF30
:10978C0078607B6893F89C32032B0BD17B68D3F801
:10979C00B432DB69002B05D07B68D3F8B432DB69BB
:1097AC0078689847002318460837BD4680BD0000EE
:1097BC0080B584B000AF786039600023FB733B68E0
:1097CC001B7803F06003402B05D0402B4FD8002BA7
:1097DC0009D0202B4BD17B68D3F8B4329B68396805
:1097EC007868984748E03B685B78092B39D801A228
:1097FC0052F823F051980008659800086F980008FB
:10980C005B9800086F9800083398000829980008A6
:10981C006F980008479800083D98000839687868E8
:10982C0000F0DCF922E03968786800F03FFB1DE0BD
:10983C003968786800F07EFB18E03968786800F0C9
:10984C0007FC13E03968786800F037FC0EE03968E3
:10985C00786800F065FC09E03968786800F074FC01
:10986C0004E03968786800F0C9FC00BF04E039688E
:10987C00786800F0C3FC00BFFB7B18461037BD4670
:10988C0080BD00BF80B584B000AF78603960002324
:10989C00FB733B681B7803F06003402B05D0402B17
:1098AC002ED8002B01D0202B2AD17B6893F89C3228
:1098BC00013B022B1DD83B689B88DBB2012B13D8D4
:1098CC007B68D3F8B4329B6839687868984703464C
:1098DC00FB733B68DB88002B10D1FB7B002B0DD17D
:1098EC00786800F053FD09E03968786800F086FC70
:1098FC0004E03968786800F081FC00E000BF04E007
:10990C003968786800F07AFC00BF002318461037DD
:10991C00BD4680BD80B584B000AF7860396000234F
:10992C00FB733B689B88BB733B681B7803F060033D
:10993C00402B07D0402B00F24681002B0AD0202B65
:10994C0040F041817B68D3F8B4329B683968786801
:10995C0098473DE13B681B7803F06003202B0AD14C
:10996C007B68D3F8B4329B683968786898470346AB
:10997C00FB73FB7B2DE13B685B78032B07D0032B40
:10998C0000F31B81002B72D0012B3AD015E17B68C0
:10999C0093F89C32022B02D0032B15D02BE0BB7B0F
:1099AC00002B0CD0BB7B802B09D0BB7B1946786875
:1099BC0001F0DEF88021786801F0DAF820E03968EF
:1099CC00786800F01BFC1BE03B685B88002B0ED119
:1099DC00BB7B002B0BD0BB7B802B08D03B68DB8880
:1099EC00002B04D1BB7B1946786801F0C1F878686C
:1099FC0000F0CCFC04E03968786800F0FFFB00BF95
:109A0C00E0E07B6893F89C32022B02D0032B15D03C
:109A1C0026E0BB7B002B0CD0BB7B802B09D0BB7B07
:109A2C001946786801F0A4F88021786801F0A0F854
:109A3C001CE03968786800F0E1FB17E03B685B8854
:109A4C00002B12D1BB7B03F07F03002B04D0BB7B1C
:109A5C001946786801F0ABF8786800F097FC04E0E0
:109A6C003968786800F0CAFB00E000BFAAE07B68A8
:109A7C0093F89C32022B02D0032B32D097E0BB7BA5
:109A8C00002B07D0BB7B802B04D03968786800F0A2
:109A9C00B5FB91E097F90E30002B0BDABB7B03F092
:109AAC007F0213469B0013449B0010337A681344C7
:109ABC0004330BE0BB7B03F07F0213469B00134483
:109ACC009B0003F5A8737A6813440433BB60BB682E
:109ADC0000221A60BB6802221946786800F0F8FB75
:109AEC006AE097F90E30002B11DABB7B03F00F0202
:109AFC00796813469B0013449B000B4418331B6876
:109B0C00002B17D13968786800F078FB54E0BB7BE8
:109B1C0003F00F02796813469B0013449B000B441F
:109B2C0003F5AC731B68002B04D13968786800F01E
:109B3C0065FB41E097F90E30002B0BDABB7B03F091
:109B4C007F0213469B0013449B0010337A68134426
:109B5C0004330BE0BB7B03F07F0213469B001344E2
:109B6C009B0003F5A8737A6813440433BB60BB7B7A
:109B7C00002B02D0BB7B802B03D1BB6800221A6068
:109B8C000EE0BB7B1946786801F030F80346002BD9
:109B9C0003D0BB6801221A6002E0BB6800221A6085
:109BAC00BB6802221946786800F092FB04E0396821
:109BBC00786800F023FB00BF04E03968786800F097
:109BCC001DFB00BF04E03968786800F017FB00BF8C
:109BDC00FB7B18461037BD4680BD000080B584B0B5
:109BEC0000AF7860396000233B810023FB600023C9
:109BFC00FB723B685B881B0A9BB2013B062B00F295
:109C0C00288101A252F823F0319C0008499C0008DD
:109C1C00899C00085F9E00085F9E0008FF9D00085D
:109C2C002B9E00087B68D3F8B0321B687A68127CD4
:109C3C0007F1080110469847F86012E17B681B7C1D
:109C4C00002B0DD17B68D3F8B4329B6A07F1080264
:109C5C0010469847F860FB68013302221A7000E145
:109C6C007B68D3F8B432DB6A07F1080210469847D8
:109C7C00F860FB68013302221A70F2E03B685B88E3
:109C8C00DBB2052B00F2AC8001A252F823F000BF2E
:109C9C00B59C0008E99C00081D9D0008519D00081A
:109CAC00859D0008B99D00087B68D3F8B0325B68CD
:109CBC00002B0BD07B68D3F8B0325B687A68127CCF
:109CCC0007F1080110469847F86091E03968786808
:109CDC0000F094FAFB7A0133FB7289E07B68D3F8CD
:109CEC00B0329B68002B0BD07B68D3F8B0329B68EA
:109CFC007A68127C07F1080110469847F86077E003
:109D0C003968786800F07AFAFB7A0133FB726FE0FD
:109D1C007B68D3F8B032DB68002B0BD07B68D3F8B0
:109D2C00B032DB687A68127C07F10801104698475C
:109D3C00F8605DE03968786800F060FAFB7A01330E
:109D4C00FB7255E07B68D3F8B0321B69002B0BD04B
:109D5C007B68D3F8B0321B697A68127C07F1080172
:109D6C0010469847F86043E03968786800F046FA86
:109D7C00FB7A0133FB723BE07B68D3F8B0325B6952
:109D8C00002B0BD07B68D3F8B0325B697A68127CFD
:109D9C0007F1080110469847F86029E0396878689F
:109DAC0000F02CFAFB7A0133FB7221E07B68D3F8CC
:109DBC00B0329B69002B0BD07B68D3F8B0329B6917
:109DCC007A68127C07F1080110469847F8600FE09A
:109DDC003968786800F012FAFB7A0133FB7207E0FD
:109DEC003968786800F00AFAFB7A0133FB7238E0C4
:109DFC0037E07B681B7C002B09D17B68D3F8B4322D
:109E0C005B6B07F1080210469847F86029E0396847
:109E1C00786800F0F3F9FB7A0133FB7221E07B6880
:109E2C001B7C002B0DD17B68D3F8B4321B6B07F174
:109E3C00080210469847F860FB68013307221A7035
:109E4C000FE03968786800F0D9F9FB7A0133FB72BE
:109E5C0007E03968786800F0D1F9FB7A0133FB72BE
:109E6C0000BFFB7A002B1CD13B89002B11D03B6827
:109E7C00DB88002B0DD03B68DA883B89934228BFE6
:109E8C0013469BB23B813B891A46F968786800F00F
:109E9C001FFA3B68DB88002B04D1786800F076FA57
:109EAC0000E000BF1037BD4680BD00BF80B584B058
:109EBC0000AF786039603B689B88002B30D13B68E1
:109ECC00DB88002B2CD13B685B887F2B28D83B6828
:109EDC005B88DBB203F07F03FB737B6893F89C32E7
:109EEC00032B04D13968786800F088F91DE07B6891
:109EFC00FA7B83F89E22FB7B1946786800F0A1FE62
:109F0C00786800F043FAFB7B002B04D07B680222BC
:109F1C0083F89C2209E07B68012283F89C2204E0F0
:109F2C003968786800F06AF900BF00BF1037BD4689
:109F3C0080BD000080B582B000AF786039603B68AE
:109F4C005B88DAB2414B1A70404B1B78012B04D959
:109F5C003968786800F052F975E07B6893F89C32A8
:109F6C00022B02D0032B23D062E0384B1B78002B42
:109F7C001AD0364B1B781A467B685A607B680322D2
:109F8C0083F89C22314B1B7819467868FFF7E7F968
:109F9C000346022B04D13968786800F02FF952E09F
:109FAC00786800F0F3F94EE0786800F0EFF94AE0D9
:109FBC00264B1B78002B12D17B68022283F89C2243
:109FCC00224B1B781A467B685A60204B1B7819462B
:109FDC007868FFF7E3F9786800F0D8F933E01B4BA9
:109FEC001B781A467B685B689A421DD07B685B685D
:109FFC00DBB219467868FFF7D1F9144B1B781A4677
:10A00C007B685A60114B1B7819467868FFF7A7F9E3
:10A01C000346022B04D13968786800F0EFF812E09F
:10A02C00786800F0B3F90EE0786800F0AFF90AE058
:10A03C003968786800F0E2F8044B1B7819467868A8
:10A04C00FFF7ACF900BF0837BD4680BD7008002093
:10A05C0080B582B000AF786039603B68DB88012B3B
:10A06C0004D03968786800F0C9F822E07B6893F86E
:10A07C009C32022B02DC002B03DC15E0032B0BD0F3
:10A08C0012E07B6800229A607B6808330122194633
:10A09C00786800F01DF90CE07B6804330122194646
:10A0AC00786800F015F904E03968786800F0A6F8D3
:10A0BC0000BF00BF0837BD4680BD80B582B000AF81
:10A0CC00786039607B6893F89C32013B022B1ED878
:10A0DC003B68DB88022B04D03968786800F08EF876
:10A0EC001AE07B680122DA607B68D3F8A432002B7B
:10A0FC0005D07B68DB6843F002027B68DA607B6822
:10A10C000C3302221946786800F0E2F804E0396852
:10A11C00786800F073F800BF00BF0837BD4680BDFB
:10A12C0080B582B000AF786039603B685B88012BEA
:10A13C0006D17B680122C3F8A422786800F026F9C6
:10A14C0000BF0837BD4680BD80B582B000AF7860D7
:10A15C0039607B6893F89C32013B022B0BD83B682F
:10A16C005B88012B0CD17B680022C3F8A422786891
:10A17C0000F00CF904E03968786800F03FF800E072
:10A18C0000BF00BF0837BD4680BD80B483B000AFB0
:10A19C00786039603B681A787B681A703B685A782B
:10A1AC007B685A703B6802331B781A463B68033352
:10A1BC001B781B029BB213449AB27B685A803B6893
:10A1CC0004331B781A463B6805331B781B029BB281
:10A1DC0013449AB27B689A803B6806331B781A4604
:10A1EC003B6807331B781B029BB213449AB27B6803
:10A1FC00DA8000BF0C37BD4680BC704780B582B09A
:10A20C0000AF786039608021786800F0B1FC0021E3
:10A21C00786800F0ADFC00BF0837BD4680BD80B546
:10A22C0086B000AFF860B9607A600023FB75FB68FC
:10A23C00002B32D0F86800F034F8034601339BB29F
:10A24C005B009AB27B681A80FB7D5A1CFA751A4621
:10A25C00BB6813447A6812781A70FB7D5A1CFA7525
:10A26C001A46BB68134403221A7012E0FB685A1C8E
:10A27C00FA60FA7D511CF9751146BA680A441B78CC
:10A28C001370FB7D5A1CFA751A46BB6813440022E6
:10A29C001A70FB681B78002BE8D100BF1837BD463D
:10A2AC0080BD80B485B000AF78600023FB7305E0FF
:10A2BC00FB7B0133FB737B6801337B607B681B7812
:10A2CC00002BF5D1FB7B18461437BD4680BC70477C
:10A2DC0080B584B000AFF860B9601346FB80FB68B2
:10A2EC000222C3F89422FA88FB68DA61FA88FB68C8
:10A2FC001A62FB88BA680021F86800F0C1FC0023E0
:10A30C0018461037BD4680BD80B584B000AFF860EC
:10A31C00B9601346FB80FB88BA680021F86800F02E
:10A32C00AFFC002318461037BD4680BD80B584B005
:10A33C0000AFF860B9601346FB80FB680322C3F8DA
:10A34C009422FA88FB68C3F85C21FA88FB68C3F88E
:10A35C006021FB88BA680021F86800F0B4FC002387
:10A36C0018461037BD4680BD80B584B000AFF8608C
:10A37C00B9601346FB80FB88BA680021F86800F0CE
:10A38C00A2FC002318461037BD4680BD80B582B0B4
:10A39C0000AF78607B680422C3F89422002300226B
:10A3AC000021786800F06CFC002318460837BD4685
:10A3BC0080BD80B582B000AF78607B680522C3F8A1
:10A3CC009422002300220021786800F07CFC0023FA
:10A3DC0018460837BD4680BD80B500AF0022124933
:10A3EC001248FEF762FF0346002B01D0F7F798FEE8
:10A3FC000F490E48FEF784FF0346002B01D0F7F7F8
:10A40C008FFE0C490948FEF7B5FE0346002B01D020
:10A41C00F7F786FE0548FEF78CFF0346002B01D0AC
:10A42C00F7F77EFE00BF80BD4801002074080020B5
:10A43C002C0000203801002080B500AF0022054917
:10A44C000548FEF7ADFE05490348FEF7C2FE0023A2
:10A45C00184680BD380D002074080020380B0020F1
:10A46C0080B400AF00231846BD4680BC7047000086
:10A47C0080B483B000AF03463960FB711346BB80D8
:10A48C00FB79232B00F2988001A252F823F000BF35
:10A49C00C5A50008C5A50008C5A50008C5A50008E8
:10A4AC00C5A50008C5A50008C5A50008C5A50008D8
:10A4BC00C5A50008C5A50008C5A50008C5A50008C8
:10A4CC00C5A50008C5A50008C5A50008C5A50008B8
:10A4DC00C5A50008C5A50008C5A50008C5A50008A8
:10A4EC00C5A50008C5A50008C5A50008C5A5000898
:10A4FC00C5A50008C5A50008C5A50008C5A5000888
:10A50C00C5A50008C5A50008C5A50008C5A5000877
:10A51C002DA5000871A50008C5A50008C5A5000853
:10A52C003B681B781A463B6801331B781B021A43A5
:10A53C003B6802331B781B041A433B6803331B78BC
:10A54C001B0613431A46204B1A603B681A791E4BA4
:10A55C001A713B685A791C4B5A713B689A791A4BA1
:10A56C009A712AE0184B1B68DAB23B681A70164BCA
:10A57C001B681A0A3B680133D2B21A70124B1B6863
:10A58C001A0C3B680233D2B21A700F4B1B681A0EAE
:10A59C003B680333D2B21A703B6804330A4A12790F
:10A5AC001A703B680533084A52791A703B680633B7
:10A5BC00054A92791A7000E000BF002318460C3748
:10A5CC00BD4680BC704700BF3001002080B582B012
:10A5DC0000AF7860396079680548FEF7FAFD0448E9
:10A5EC00FEF739FE002318460837BD4680BD00BF74
:10A5FC007408002080B584B000AF78600B467B8077
:10A60C000023FB730D4BD3F8B832BB60BB68D3F897
:10A61C001432002B01D001230BE07B881A46796899
:10A62C000648FEF7BDFD0548FEF7E6FD0346FB7345
:10A63C00FB7B18461037BD4680BD00BF7408002058
:10A64C0080B483B000AF7860034A7B68136000BFAE
:10A65C000C37BD4680BC7047380F002080B483B0E7
:10A66C0000AF03463960FB713B6812221A80034B22
:10A67C0018460C37BD4680BC704700BF64010020F3
:10A68C0080B483B000AF03463960FB713B68042291
:10A69C001A80034B18460C37BD4680BC704700BF70
:10A6AC007801002080B582B000AF03463960FB71A1
:10A6BC00FB79002B05D13A6807490848FFF7AFFD35
:10A6CC0004E03A6804490548FFF7A9FD024B184617
:10A6DC000837BD4680BD00BF3C0F0020A4C0000859
:10A6EC0080B582B000AF03463960FB713A6804490B
:10A6FC000448FFF794FD024B18460837BD4680BD51
:10A70C003C0F0020BCC0000880B582B000AF0346EF
:10A71C003960FB713B681A221A8000F043F8024B37
:10A72C0018460837BD4680BD7C01002080B582B03C
:10A73C0000AF03463960FB71FB79002B05D13A68F9
:10A74C0007490848FFF76BFD04E03A6804490548DF
:10A75C00FFF765FD024B18460837BD4680BD00BFAC
:10A76C003C0F0020D0C0000880B582B000AF03467B
:10A77C003960FB71FB79002B05D13A680749084811
:10A78C00FFF74DFD04E03A6804490548FFF747FD23
:10A79C00024B18460837BD4680BD00BF3C0F002059
:10A7AC00DCC0000880B584B000AF0F4B1B68FB60A9
:10A7BC000E4B1B68BB600E4B1B687B60FA687B689A
:10A7CC001344FB60FB68002B09D008220949F86888
:10A7DC0000F014F804220849B86800F00FF800BF24
:10A7EC001037BD4680BD00BFE8F7FF1FECF7FF1F19
:10A7FC00F0F7FF1F7E0100208E01002080B487B08F
:10A80C0000AFF860B9601346FB710023FB750023A1
:10A81C00FB7527E0FB681B0F092B0BD8FB681B0F84
:10A82C00DAB2FB7D5B001946BB680B443032D2B206
:10A83C001A700AE0FB681B0FDAB2FB7D5B0019464D
:10A84C00BB680B443732D2B21A70FB681B01FB6039
:10A85C00FB7D5B000133BA68134400221A70FB7D48
:10A86C000133FB75FA7DFB799A42D3D300BF00BF4D
:10A87C001C37BD4680BC704780B584B000AF786093
:10A88C007B681B680D4A934213D10D4BDB690C4A54
:10A89C0043F40003D3610A4BDB6903F40003FB6050
:10A8AC00FB68002200211420F7F773FF1420F7F740
:10A8BC008CFF00BF1037BD4680BD00BF005C004060
:10A8CC000010024080B582B000AF78607B68D3F88E
:10A8DC00D4227B6803F5267319461046FEF771FDEA
:10A8EC0000BF0837BD4680BD80B582B000AF786030
:10A8FC000B46FB707B68D3F8D402FA787968134660
:10A90C009B001344DB000B4403F5B2731A68FB780D
:10A91C001946FEF7A3FD00BF0837BD4680BD80B5C4
:10A92C0082B000AF78600B46FB707B68D3F8D40222
:10A93C00FA78796813469B001344DB000B442433EC
:10A94C001A68FB781946FEF7FAFD00BF0837BD46BA
:10A95C0080BD80B582B000AF78607B68D3F8D4320C
:10A96C001846FEF70AFF00BF0837BD4680BD80B50C
:10A97C0084B000AF78600123FB737B689B79022B5A
:10A98C0001D0F7F7CDFB7B68D3F8D432FA7B1146B4
:10A99C001846FEF7BAFE7B68D3F8D4321846FEF799
:10A9AC0073FE00BF1037BD4680BD000080B582B07D
:10A9BC0000AF78607B68D3F8D4321846FEF7B4FE4B
:10A9CC007B689B7A002B05D0044B1B69034A43F030
:10A9DC000603136100BF0837BD4680BD00ED00E0E3
:10A9EC0080B582B000AF78607B68D3F8D43218465B
:10A9FC00FEF7AEFE00BF0837BD4680BD80B582B005
:10AA0C0000AF7860284A7B68C2F8D4327B68264A4B
:10AA1C00C3F8C022244B254A1A60234B08221A7112
:10AA2C00214B02229A71204B00229A721E4B00225B
:10AA3C00DA721D4B00221A731B48F8F748F90346CB
:10AA4C00002B01D0F7F76CFB7B68D3F8C0021823FE
:10AA5C0000220021F9F759FE7B68D3F8C002582375
:10AA6C0000228021F9F751FE7B68D3F8C002C02385
:10AA7C0000228121F9F749FE7B68D3F8C0024FF41C
:10AA8C00887300220121F9F740FE7B68D3F8C002DD
:10AA9C004FF4807300228221F9F737FE0023184609
:10AAAC000837BD4680BD00BF3C110020005C004053
:10AABC0080B584B000AF78600023FB730023BB73B8
:10AACC007B68D3F8C0321846F8F7F7F90346FB73E6
:10AADC00FB7B184600F04EF90346BB73BB7B184654
:10AAEC001037BD4680BD80B584B000AF7860084695
:10AAFC0011461A460346FB700B46BB7013463B804F
:10AB0C000023FB730023BB737B68D3F8C002BB78B4
:10AB1C003A88F978F8F74BFB0346FB73FB7B184636
:10AB2C0000F028F90346BB73BB7B18461037BD46B3
:10AB3C0080BD80B584B000AF78600B46FB700023FD
:10AB4C00FB730023BB737B68D3F8C032FA781146D1
:10AB5C001846F8F789FB0346FB73FB7B184600F09D
:10AB6C0009F90346BB73BB7B18461037BD4680BD45
:10AB7C0080B584B000AF78600B46FB700023FB738C
:10AB8C000023BB737B68D3F8C032FA7811461846A1
:10AB9C00F8F731FC0346FB73FB7B184600F0EAF830
:10ABAC000346BB73BB7B18461037BD4680BD80B5D2
:10ABBC0084B000AF78600B46FB700023FB7300235E
:10ABCC00BB737B68D3F8C032FA7811461846F8F795
:10ABDC0072FC0346FB73FB7B184600F0CBF8034674
:10ABEC00BB73BB7B18461037BD4680BD80B485B0A7
:10ABFC0000AF78600B46FB707B68D3F8C032FB600B
:10AC0C0097F90330002B0BDAFB7803F07F02F9681D
:10AC1C0013469B001344DB000B4412331B780BE0F0
:10AC2C00FB7803F07F02F96813469B001344DB00AA
:10AC3C000B4403F5A9731B7818461437BD4680BC2A
:10AC4C00704780B584B000AF78600B46FB70002372
:10AC5C00FB730023BB737B68D3F8C032FA781146C0
:10AC6C001846F8F780FA0346FB73FB7B184600F096
:10AC7C0081F80346BB73BB7B18461037BD4680BDBD
:10AC8C0080B586B000AFF8607A601A460B46FB724E
:10AC9C0013463B810023FB750023BB75FB68D3F87F
:10ACAC00C0023B89F97A7A68F8F76EFB0346FB75AC
:10ACBC00FB7D184600F05EF80346BB75BB7D18465D
:10ACCC001837BD4680BD80B586B000AFF8607A609D
:10ACDC001A460B46FB7213463B810023FB7500237F
:10ACEC00BB75FB68D3F8C0023B89F97A7A68F8F730
:10ACFC0003FB0346FB75FB7D184600F03BF803464F
:10AD0C00BB75BB7D18461837BD4680BD80B582B07B
:10AD1C0000AF78600B46FB707B68D3F8C032FA78D2
:10AD2C0011461846F8F719FB034618460837BD4676
:10AD3C0080BD000080B483B000AF7860024B184631
:10AD4C000C37BD4680BC70471414002080B483B00F
:10AD5C0000AF786000BF0C37BD4680BC704780B434
:10AD6C0083B000AF78600B46FB7000BF0C37BD465C
:10AD7C0080BC704780B485B000AF0346FB710023E4
:10AD8C00FB73FB79032B17D801A252F823F000BFF9
:10AD9C00ADAD0008B3AD0008B9AD0008BFAD0008FB
:10ADAC000023FB730BE00223FB7308E00123FB730E
:10ADBC0005E00223FB7302E00223FB7300BFFB7B65
:10ADCC0018461437BD4680BC704700BF931E222B1B
:10ADDC0010B50C4604D900231C460B70204610BD40
:10ADEC000A2A09D1002807DA2D230B7001214042D1
:10ADFC00214400F005F8F1E70021F9E7FFF7E6BF81
:10AE0C00F0B58BB005460B466E461D4C04F1200C7C
:10AE1C00374620686168083403C764453E46F7D15D
:10AE2C00217920683971911E222938604FF0000178
:10AE3C0004D919700B4618460BB0F0BD581E844649
:10AE4C00B5FBF2F702FB175628366E4416F8286C41
:10AE5C000C460CF8016F2E46B2423D4601F1010141
:10AE6C00EED900225A541919A51AAA42E3DA10F89D
:10AE7C00015F0E780132067001F80159F4E700BF4A
:10AE8C00E6C20008002310B50446C0E90033C0E94F
:10AE9C000433836081814366C28183611946082231
:10AEAC005C3000F006F90D4B246263620C4BA3621C
:10AEBC000C4BE3620C4B23630C4B9C4206D003F10E
:10AECC006802944202D0D0339C4205D104F1580060
:10AEDC00BDE8104000F078B910BD00BF39B00008D3
:10AEEC005BB0000893B00008B7B00008341600201F
:10AEFC00024A0349034800F069B800BF98010020DA
:10AF0C0085BA0008A801002041680C4B10B5994285
:10AF1C00044601D000F0B0FDA168094B994202D063
:10AF2C00204600F0A9FDE168064B994204D020466A
:10AF3C00BDE8104000F0A0BD10BD00BF34160020CD
:10AF4C009C1600200417002010B50B4B0B4C0C4A20
:10AF5C0020461A6004210022FFF794FF04F16800D8
:10AF6C0001220921FFF78EFF04F1D0000222BDE877
:10AF7C0010401221FFF786BF6C17002034160020FA
:10AF8C00FDAE0008014800F020B900BF7517002085
:10AF9C00014800F01BB900BF7517002010B504461E
:10AFAC00FFF7F0FF236A1BB1BDE81040FFF7F0BFBD
:10AFBC00044B2362044B1B68002BF5D1FFF7C4FF35
:10AFCC00F2E700BF15AF00086C1700202DE9F8431D
:10AFDC000746884614460026D4E90195B9F10109C3
:10AFEC0005D52468002CF7D13046BDE8F883AB8931
:10AFFC00012B07D9B5F90E30013303D02946384659
:10B00C00C04706436835E9E70FB407B5064904ABFA
:10B01C00086853F8042B8168019300F005FA03B01B
:10B02C005DF804EB04B07047A401002010B50C4689
:10B03C00B1F90E1000F07AF80028ABBF636DA3894C
:10B04C001B1823F48053ACBF6365A38110BD2DE99D
:10B05C00F0411F468B890546DB050C46164605D587
:10B06C0002230022B1F90E1000F04EF8A3893246EB
:10B07C0023F48053A38128463B46B4F90E10BDE857
:10B08C00F04100F065B810B50C46B1F90E1000F0A7
:10B09C003BF8431CA38915BF606523F4805343F42C
:10B0AC008053A38118BFA38110BDB1F90E1000F01D
:10B0BC001BB803460244934200D1704703F8011BAE
:10B0CC00F9E7034610B5013932B111F8014F013AD5
:10B0DC0003F8014B002CF7D100211A44934200D104
:10B0EC0010BD03F8011BF9E738B50023054D0446E4
:10B0FC0008462B60F7F781F9431C02D12B6803B18A
:10B10C00236038BD7017002038B504460846114638
:10B11C000022054D2A601A46F7F793F9431C02D119
:10B12C002B6803B1236038BD7017002038B5044676
:10B13C00084611460022054D2A601A46F7F724F9F5
:10B14C00431C02D12B6803B1236038BD701700205B
:10B15C0038B50446084611460022054D2A601A46A9
:10B16C00F7F72FF9431C02D12B6803B1236038BDCC
:10B17C0070170020014B1868704700BFA401002015
:10B18C0070B500260C4D0D4C641BA410A64209D1C1
:10B19C0000F0D0FD00260A4D0A4C641BA410A642F8
:10B1AC0005D170BD55F8043B98470136EEE755F8CC
:10B1BC00043B98470136F2E748C3000848C300082F
:10B1CC0048C300084CC300087047704770470A44D6
:10B1DC00914200F1FF3300D1704710B511F8014BCB
:10B1EC00914203F8014FF9D110BD000038B5054666
:10B1FC00002940D051F8043C0C1F002BB8BFE418B8
:10B20C0000F0DEF81C4A136833B9636014602846FA
:10B21C00BDE8384000F0DAB8A34208D920682118FC
:10B22C008B4201BF19685B6809182160EDE71A466B
:10B23C005B680BB1A342FAD911685018A0420BD12C
:10B24C0020680144501883421160E0D118685B6893
:10B25C00084410605360DAE702D90C232B60D6E760
:10B26C00206821188B4201BF19685B68091821609E
:10B27C0063605460CBE738BD7C17002070B50F4E6F
:10B28C000C463168054611B900F0B2FC306021461D
:10B29C00284600F0ADFC431C03D14FF0FF34204690
:10B2AC0070BDC41C24F00304A042F8D0211A284617
:10B2BC0000F09EFC0130F2D1EFE700BF78170020C0
:10B2CC002DE9F843CD1C25F0030508350C2D38BFAE
:10B2DC000C25002D064601DBA94204D90C23336052
:10B2EC000020BDE8F883DFF8D48000F069F8D8F8C6
:10B2FC0000301C4644BB29463046FFF7BFFF431CB9
:10B30C00044658D1D8F800402746002F43D1002CD2
:10B31C004BD023683946304604EB030900F068FC37
:10B32C00814542D1216830466D1A2946FFF7A6FFA8
:10B33C0001303AD023682B442360D8F800305A6887
:10B34C0062BBC8F800700FE02268521B20D40B2A95
:10B35C0017D96119A342256018BF5960636808BFEB
:10B36C00C8F8001062514B60304600F02FF804F121
:10B37C000B00231D20F00700C21A1CBF1B1AA35080
:10B38C00AFE76268A3420CBFC8F800205A60EBE735
:10B39C0023466468AEE73C467F68B6E71A465B68AE
:10B3AC00A342FBD100235360DEE70C23304633600D
:10B3BC0000F00CF894E70560D6E700BF7C1700207E
:10B3CC000148FFF702BF00BF741700200148FFF7C8
:10B3DC00FDBE00BF74170020936810B4013B002B16
:10B3EC00936007DA9469A34201DB0A2902D110BCED
:10B3FC0000F06ABB1368581C10601970084610BC2A
:10B40C007047F8B506460F461446D518AC4201D124
:10B41C00002007E03A46304614F8011BFFF7DCFF2A
:10B42C00431CF3D1F8BD00002DE9F04F0D46144636
:10B43C00984606469DB018B1036A0BB9FFF7AEFDEE
:10B44C006B6ED90705D4AB899A0502D4A86DFFF7AA
:10B45C00BCFEAB891B0701D52B699BB9294630462D
:10B46C0000F070FB70B16B6EDC0704D54FF0FF3051
:10B47C001DB0BDE8F08FAB899805F7D4A86DFFF728
:10B48C00A5FEF3E70023099320238DF82930302300
:10B49C004FF00109CDF80C80DFF8A8818DF82A3027
:10B4AC0023469A4613F8012B0AB1252AF9D1BAEB97
:10B4BC00040B0BD05B46224629463046FFF7A1FF12
:10B4CC00013000F0A780099A5A4409929AF800308A
:10B4DC00002B00F09F8000234FF0FF32CDE90523B5
:10B4EC000AF1010A049307938DF853301A935446CA
:10B4FC00052214F8011B534800F08AFB049AD8B9B2
:10B50C00D10644BF20238DF85330130744BF2B239F
:10B51C008DF853309AF800302A2B15D05446002061
:10B52C004FF00A0C079A214611F8013B303B092BCE
:10B53C004BD9B0B1079214E0A0EB080309FA03F35E
:10B54C001343A2460493D2E7039B191D1B68039176
:10B55C00002BBBBF5B4242F0020207930793B8BFBC
:10B56C00049223782E2B0AD163782A2B32D1039B99
:10B57C0002341A1D1B68039243EAE3730593DFF848
:10B58C00C8A003225046217800F042FB38B140227B
:10B59C00049BA0EB0A00824013430134049314F87B
:10B5AC00011B062229488DF8281000F031FB0028D9
:10B5BC003FD0274B1BBB039B073323F007030833F8
:10B5CC000393099B3B4409936AE70C4601200CFB4F
:10B5DC000232A8E700234FF00A0C194601340593F8
:10B5EC00204610F8012B303A092A03D9002BC6D07B
:10B5FC000591C4E7044601230CFB0121F0E703ABE2
:10B60C0000932A463046134B04A9AFF3008007463B
:10B61C00781CD6D16B6ED90705D4AB899A0502D4A8
:10B62C00A86DFFF7D3FDAB895B063FF51FAF0998FB
:10B63C001EE703AB00932A463046064B04A900F0E4
:10B64C007DF8E4E70BC3000811C3000815C300081C
:10B65C00000000000FB400082DE9F047164698468C
:10B66C008A680B6907469342B8BF1346336091F85A
:10B67C0043200C46DDF820900AB101333360236877
:10B68C00990642BF336802333360256815F006050E
:10B69C0006D104F1190AE36832689B1AAB422BDC21
:10B6AC0094F843302268003B18BF0123920630D433
:10B6BC004146384604F14302C847013023D0236881
:10B6CC00226903F00603042B14BF002533684FF0E6
:10B6DC00000608BFE56804F11A0408BFED1A54F817
:10B6EC00123C08BF25EAE5759342C4BF9B1AED18BE
:10B6FC00B5421AD1002008E0012352464146384693
:10B70C00C847013003D14FF0FF30BDE8F087013559
:10B71C00C1E73020E11881F843005A1C94F8451019
:10B72C002244023382F84310C2E7012322464146E9
:10B73C003846C8470130E6D00136D9E72DE9FF4736
:10B74C000F7E9146782F80460C469A460C9E01F14E
:10B75C00430207D8622F0AD8002F00F0D180582F4F
:10B76C0000F0B88004F1420684F842703AE0A7F188
:10B77C006303152BF6D801A151F823F0E1B70008AB
:10B78C00F5B7000871B7000871B7000871B7000869
:10B79C0071B70008F5B7000871B7000871B7000859
:10B7AC0071B7000871B70008F3B800081FB800089B
:10B7BC00ADB8000871B7000871B7000815B90008DA
:10B7CC0071B700081FB8000871B7000871B70008FE
:10B7DC00B5B8000833681A1D1B68326004F14206C4
:10B7EC0084F8423001239CE033682068191D3160D5
:10B7FC00060601D51D6803E04506FBD5B3F90050DC
:10B80C00002D03DA2D236D4284F843300A23584867
:10B81C0011E021683368080653F8045B02D449062A
:10B82C0048BFADB26F2F336014BF0A2308235048B2
:10B83C00002184F843106668002EA66005DB2168A1
:10B84C002E4321F0040121604BD01646B5FBF3F1D9
:10B85C0003FB1157C75D06F8017D2F46BB420D4611
:10B86C00F4D9082B0BD12368DF0708D5236961684D
:10B87C009942DEBF302306F8013C06F1FF36921BDD
:10B88C0022614B4621464046CDF800A003AAFFF7A3
:10B89C00E3FE01304AD14FF0FF3004B0BDE8F08731
:10B8AC00236843F0200323607827324884F84570DE
:10B8BC00236831681F0651F8045B02D45F0648BF49
:10B8CC00ADB23160D90744BF43F0200323601DB1F2
:10B8DC001023ADE72648E9E7236823F02003236013
:10B8EC00F6E71646BDE733682568181D61693060B8
:10B8FC002E061B6801D5196002E06806FBD519807D
:10B90C00002316462361BCE7336800211A1D326000
:10B91C001E686268304600F07BF908B1801B6060DD
:10B92C0063682361002384F84330AAE73246494612
:10B93C0040462369D0470130ADD023689B0713D410
:10B94C00E068039B9842B8BF1846A6E7012332462D
:10B95C0049464046D04701309DD00135E3680399F4
:10B96C005B1AAB42F2DCEBE7002504F11906F5E7B4
:10B97C001CC300082DC30008B1F90C20F8B516073C
:10B98C0005460C4654D44B68002B02DC0B6C002B88
:10B99C0048DDE66A002E45D0002312F480522F6851
:10B9AC00216A2B6030D0626DA389590705D5636875
:10B9BC00D21A636B0BB1236CD21A00232846E66AA9
:10B9CC00216AB047431CA38906D129681D292BD8AD
:10B9DC00284ACA40D60727D5002262602269D904BA
:10B9EC00226004D5421C01D12B6803B96065616BE0
:10B9FC002F60B9B104F14403994202D02846FFF7F5
:10BA0C00F5FB002363630DE001232846B047024693
:10BA1C00501CC9D12B68002BC6D01D2B01D0162B66
:10BA2C001DD12F60002021E043F040031BB21AE02F
:10BA3C000F69002FF6D0930718BF00230E6808BFBC
:10BA4C004B69F61B0F608B60002EEBDD33463A46DC
:10BA5C002846216AD4F828C0E047002807DCB4F94E
:10BA6C000C3043F040034FF0FF30A381F8BD074486
:10BA7C00361AE9E70100402038B50B6905460C463B
:10BA8C0013B90025284638BD18B1036A0BB9FFF766
:10BA9C0085FAB4F90C30002BF3D0626ED00704D4C5
:10BAAC00990502D4A06DFFF790FB28462146FFF7BD
:10BABC0063FF636E0546DA07E4D4A3899B05E1D4E2
:10BACC00A06DFFF783FBDDE7F8B50E46144605467F
:10BADC0018B1036A0BB9FFF761FAA369A360A389D4
:10BAEC001A0701D5236943B92146284600F02AF8E4
:10BAFC0018B14FF0FF373846F8BD23682269F6B20B
:10BB0C00981A63693746834205DC21462846FFF7BD
:10BB1C00B3FF0028EDD1A368013BA36023685A1C36
:10BB2C0022601E706269431C9A4204D0A389DB0711
:10BB3C00E1D50A2EDFD121462846FFF79DFF0028CC
:10BB4C00D9D0D6E738B5294B054618680C4618B13C
:10BB5C00036A0BB9FFF722FAB4F90C30190722D497
:10BB6C00DA0607D409222A6043F040034FF0FF3075
:10BB7C00A38133E0580712D5616B41B104F1440342
:10BB8C00994202D02846FFF731FB00236363A38957
:10BB9C0023F02403A3810023636023692360A3891A
:10BBAC0043F00803A38123694BB9A38903F42073E1
:10BBBC00B3F5007F03D02146284600F05CF8B4F9B9
:10BBCC000C3013F001020AD00022A26062695242CA
:10BBDC00A261226942B913F08000C5D138BD990722
:10BBEC0058BF6269A260F4E70020F7E7A4010020C7
:10BBFC0038B50023054D044608462B60F6F72EFC9D
:10BC0C00431C02D12B6803B1236038BD7017002090
:10BC1C00034610B5C9B202449342184601D1002024
:10BC2C0003E0047801338C42F6D110BD70B50C469C
:10BC3C00B1F90E10154600291E4696B00CDAA389F0
:10BC4C00002113F0800F14BF40234FF480630020B9
:10BC5C0031602B6016B070BD6A4600F049F80028C0
:10BC6C00EDDB019901F47041A1F5005359425941A2
:10BC7C004FF48063EBE78B89F7B59D0706460C46BE
:10BC8C0007D504F14703236023610123636103B0EB
:10BC9C00F0BD6A4601ABFFF7C9FF009F0546394668
:10BCAC003046FFF70DFB48B9B4F90C309A05EED4C9
:10BCBC0023F0030343F00203A381E2E7A389C4E961
:10BCCC00040743F08003A381019B20605BB13046E5
:10BCDC00B4F90E1000F01EF828B1A38923F0030369
:10BCEC0043F00103A381A3891D43A581CFE7000085
:10BCFC0038B50023064D0446084611462B60F6F76E
:10BD0C0087FB431C02D12B6803B1236038BD00BFF5
:10BD1C007017002038B50023054D044608462B60EB
:10BD2C00F6F785FB431C02D12B6803B1236038BDA9
:10BD3C0070170020F8B500BFF8BC08BC9E467047D1
:0CBD4C00F8B500BFF8BC08BC9E4670476C
:10BD5800554E45522056312E300000000D3E000051
:10BD68002B2644424753454E44494E4720444154AC
:10BD7800412000000A0000002B2644424753454E4C
:10BD880044494E47204441544120425553590A00E2
:10BD98002B26444247524553504F4E53453A204173
:10BDA800540000002B26444247524553504F4E53EF
:10BDB800453A204F4B0000002B264442475245533A
:10BDC800504F4E53453A204552524F520000000002
:10BDD8002B26444247524553504F4E53453A20571D
:10BDE80049464920474F5420495000002B264442D9
:10BDF80047524553504F4E53453A205749464920DC
:10BE0800434F4E4E45435445440000002B264442C0
:10BE180047524553504F4E53453A205749464920BB
:10BE2800444953434F4E4E4543542F444953434F7F
:10BE38004E4E4543544544002B26444247524553F1
:10BE4800504F4E53453A20444953434F4E4E454375
:10BE5800544544002B26444247524553504F4E53B5
:10BE6800453A2053454E44204F4B00002B26444270
:10BE780047524553504F4E53453A20434F4E4E4537
:10BE8800435400002B26444247524553504F4E53CB
:10BE9800453A20434C4F5345440000002B2644426A
:10BEA80047524553504F4E53453A20425553590037
:10BEB8002B26444247524553504F4E53453A205241
:10BEC80045414459000000002B264442475245533F
:10BED800504F4E53453A20425553592050000000C8
:10BEE8002B26444247524553504F4E53453A204221
:10BEF80055535920530000002B26444247524553BE
:10BF0800504F4E53452043494653520A0000000003
:10BF18002B264442474552524F52204349465352DA
:10BF280020350A002B26444247524553504F4E5362
:10BF380045204950440A00002B26444247455350A7
:10BF48003031484152445245534554300A000000AC
:10BF58002B264442474553503031484152445245BC
:10BF6800534554310A0000002B264442474553509C
:10BF7800303141540A0000002B26444247455350B3
:10BF88003031415443574D4F44450A002B26444213
:10BF980047455350303141544349504D55580A0094
:10BFA8002B264442474553503031415443574A4168
:10BFB800500A00002B26444247455350303143492C
:10BFC8004653520A000000002B264442474553506E
:10BFD80030314154434950434C4F53450A00000007
:10BFE8002B2644424745535030314154434950531E
:10BFF800544152540A000000646A673139646C6B1A
:10C00800000000004D4547414341424C4520464908
:10C018004252412D322E34472D636B6430000000AC
:10C028003139322E3136382E3130302E350000007D
:10C038004E6F20636F6E65637461646F20616C205E
:10C04800576946690D0A000046616C6C6F20656E81
:10C0580020636F6E6578696F6E205544500D0A0035
:10C0680045535030312055445020636F6E656374DA
:10C0780061646F0D0A000000484F4C410D0A000032
:10C0880045535030312061C3BA6E206E6F20636F04
:10C098006E65637461646F0D0A00000053544D337C
:10C0A80032205669727475616C20436F6D506F72DF
:10C0B8007400000053544D6963726F656C65637456
:10C0C800726F6E696373000043444320436F6E666A
:10C0D8006967000043444320496E74657266616372
:10C0E8006500000041540D0A0000000041542B4334
:10C0F80049504D55583D300D0A00000041542B431E
:10C10800574D4F44453D330D0A00000041542B4321
:10C11800574A41503D00000041542B434946535271
:10C128000D0A000041542B43495053544152543D89
:10C138000000000041542B434950434C4F53450DD8
:10C148000A00000041542B43495053454E443D00DA
:10C158003033303241540D003033303241542B00EB
:10C16800303430324F4B0D0A000000003037303287
:10C178004552524F520D0A00313330325749464921
:10C1880020474F542049500D0A0000003136303204
:10C198005749464920434F4E4E45435445440D0A9E
:10C1A800000000003137303257494649204449538E
:10C1B800434F4E4E4543540D0A000000313930328A
:10C1C8005749464920444953434F4E4E45435445E9
:10C1D800440D0A0031343032444953434F4E4E45E2
:10C1E800435445440D0A00003039303253454E441B
:10C1F800204F4B0D0A00000030393032434F4E4E6D
:10C208004543540D0A00000030383032434C4F5338
:10C2180045440D0A00000000313230352B434946B1
:10C2280053523A53544149500000000030363032DE
:10C2380062757379202E0000303431302B49504418
:10C24800000000003037303272656164790D0A00F1
:10C2580030363032627573792070000030363032F3
:10C26800627573792073000058C1000860C1000826
:10C2780068C1000874C1000880C1000894C10008A2
:10C28800ACC10008C4C10008DCC10008F0C1000846
:10C2980000C2000810C2000820C2000834C200080A
:10C2A80040C200084CC2000858C2000864C2000816
:10C2B800000000000000000000000000010203046C
:10C2C8000607080900000000010203040203040530
:10C2D800060708090A0B0C0D0E0F10100102303169
:10C2E8003233343536373839616263646566676876
:10C2F800696A6B6C6D6E6F7071727374757677782E
:10C30800797A00232D302B2000686C4C0065666715
:10C3180045464700303132333435363738394142B3
:10C328004344454600303132333435363738396185
:08C33800626364656600000009
:08C340000C3EFF7F010000002C
:04C3480031010008B7
:04C34C000D010008D7
:10C3500058BD000855445000F51A0008211B00087C
:10C36000511B000800127A001000000001000000BC
:10C370000A06000200000040010000000D8D0008C8
:10C38000018E00086F8E000800000000B1900008C8
:10C39000B58F00085B90000800000000000000005E
:10C3A000000000002191000801910008419100085F
:10C3B0006191000809024300020100C03209040033
:10C3C0000001020201000524001001052401000102
:10C3D0000424020205240600010705820308001058
:10C3E00009040100020A0000000705010200020022
:10C3F000070581020002000009024300020100C09B
:10C4000032090400000102020100052400100105A8
:10C41000240100010424020205240600010705820C
:10C420000308001009040100020A000000070501CA
:10C430000240000007058102400000000907430098
:10C44000020104C0320904000001020201000524B7
:10C450000010010524010001042402020524060045
:10C46000010705820308001009040100020A000008
:10C47000000705010240000007058102400000009E
:10C4800000C201000000080045A400086DA40008D7
:10C490007DA40008D9A5000869A600088DA600089B
:10C4A000EDA60008B1A6000815A7000839A70008E6
:10C4B00075A70008120100020202004083044057E1
:10C4C0000002010203010000040309041A03000032
:10C4D000000000000000000000000000000000005C
:10C4E0000000000000000000000000000300000049
:10C4F00034160020A801002000000000341600209F
:10C500009C1600200417002000000000000000001E
:10C51000000000000000000000000000000000001B
:10C52000000000000000000000000000000000000B
:10C5300000000000000000000000000000000000FB
:04C5400000000000F7
:04000005080024E1EA
:00000001FF
